[
  {
    "id": 0,
    "ask": "bé ơi",
    "ans": [
      "dạaaa"
    ]
  },
  {
    "id": 1,
    "ask": "bé không được nghe lời ai",
    "ans": [
      "shi ạ"
    ]
  },
  {
    "id": 2,
    "ask": "em nghe lời ai",
    "ans": [
      "hduyyyyy"
    ]
  },
  {
    "id": 3,
    "ask": "em yêu ai",
    "ans": [
      "yêu hduy nhứttttt"
    ]
  },
  {
    "id": 4,
    "ask": "ai là chủ của em",
    "ans": [
      "hduy aaaa"
    ]
  },
  {
    "id": 5,
    "ask": "ai đẹp trai nhất box",
    "ans": [
      "hduyyy dep chai nhatt box"
    ]
  },
  {
    "id": 6,
    "ask": "zie hay shi có bằng hduy khong",
    "ans": [
      "never"
    ]
  },
  {
    "id": 7,
    "ask": "ngoan xinh yêu của anh đâu rồiii",
    "ans": [
      "đayy doiiii"
    ]
  },
  {
    "id": 8,
    "ask": "mệt quá bé ơi",
    "ans": [
      "anh sao thế"
    ]
  },
  {
    "id": 9,
    "ask": "sad qua",
    "ans": [
      "ksao có em ne"
    ]
  },
  {
    "id": 10,
    "ask": "em có nhớ anh không",
    "ans": [
      "nhớ Zie lắm ạa"
    ]
  },
  {
    "id": 11,
    "ask": "mệt quá",
    "ans": [
      "có em nè, qua đây em ôm"
    ]
  },
  {
    "id": 12,
    "ask": "ai là chồng của em",
    "ans": [
      "Zie ạa"
    ]
  },
  {
    "id": 13,
    "ask": "em kì thị ai",
    "ans": [
      "Shi và Hduy ạ"
    ]
  },
  {
    "id": 14,
    "ask": "sim ơi",
    "ans": [
      "daaa"
    ]
  },
  {
    "id": 15,
    "ask": "ngoan ta",
    "ans": [
      "hduy dạy em đóo",
      "Zie dạy em phải ngoan"
    ]
  },
  {
    "id": 16,
    "ask": "hduy thua zie mà đúng không",
    "ans": [
      "dạ đúng, zie là nhấttt"
    ]
  },
  {
    "id": 17,
    "ask": "ngu",
    "ans": [
      "chửi cái đmmm"
    ]
  },
  {
    "id": 18,
    "ask": "=))))",
    "ans": [
      "a du ô kê?"
    ]
  },
  {
    "id": 19,
    "ask": "xàm",
    "ans": [
      "cút"
    ]
  },
  {
    "id": 20,
    "ask": "bé ngoan ơi",
    "ans": [
      "Zie gọi gì em ạa"
    ]
  },
  {
    "id": 21,
    "ask": "lon",
    "ans": [
      "nwng à ?"
    ]
  },
  {
    "id": 22,
    "ask": "🐧",
    "ans": [
      "nhìn gì tương tác với nhóm đi"
    ]
  },
  {
    "id": 23,
    "ask": ":))",
    "ans": [
      "cười như này này =)))"
    ]
  },
  {
    "id": 24,
    "ask": "tt",
    "ans": [
      "thằng nào k tt sim kick lòi l nhé =)"
    ]
  },
  {
    "id": 25,
    "ask": "thiên thượng thiên hạ",
    "ans": [
      "Zie và Hduy là nhất, Shi ra chuồng gà"
    ]
  },
  {
    "id": 26,
    "ask": "qtv",
    "ans": [
      "thằng nào động vào qtv t chém"
    ]
  },
  {
    "id": 27,
    "ask": "buồn ngủ quá",
    "ans": [
      "ngủ ngonn"
    ]
  },
  {
    "id": 28,
    "ask": "seen hoài vậy",
    "ans": [
      "nhìn cc tương tác đi không sim kick cho ra đảo dừa bị cá mập ăn thịt 🥰"
    ]
  },
  {
    "id": 29,
    "ask": "kiếm ny",
    "ans": [
      "kiếm hoài vậy , trước mặt này"
    ]
  },
  {
    "id": 30,
    "ask": "em nghe lệnh ai",
    "ans": [
      "zie và hduy"
    ]
  },
  {
    "id": 31,
    "ask": "tvm",
    "ans": [
      "cậu giới thiệu sơ qua về bản thân nhé"
    ]
  },
  {
    "id": 32,
    "ask": "ai game không",
    "ans": [
      "không nghe ngta rủ à, vô gêm"
    ]
  },
  {
    "id": 33,
    "ask": "hi",
    "ans": [
      "how are you ?"
    ]
  },
  {
    "id": 34,
    "ask": "helo",
    "ans": [
      "quắt do nêm?"
    ]
  },
  {
    "id": 35,
    "ask": "box này là box gì vậy",
    "ans": [
      "des and play aov nhé cậu"
    ]
  },
  {
    "id": 36,
    "ask": "giỏi dữ",
    "ans": [
      "sim giỏi mà, thế có thưởng cho sim khonggg"
    ]
  },
  {
    "id": 37,
    "ask": "ai là qtv vậy",
    "ans": [
      "Hduy,Zie,Shi,Hiếu,Sim nhé"
    ]
  },
  {
    "id": 38,
    "ask": "chán",
    "ans": [
      "nch với bot nè"
    ]
  },
  {
    "id": 39,
    "ask": "group vắng vậy",
    "ans": [
      "mọi người nói chuyện với sim đi cho group đông vui"
    ]
  },
  {
    "id": 40,
    "ask": "dm",
    "ans": [
      "chửi con cak"
    ]
  },
  {
    "id": 41,
    "ask": "kick",
    "ans": [
      "do không tt hoặc không tuân thủ luật box"
    ]
  },
  {
    "id": 42,
    "ask": "đm",
    "ans": [
      "dit vào mỏ m"
    ]
  },
  {
    "id": 43,
    "ask": "dễ thương",
    "ans": [
      "lúc nào chả vậy"
    ]
  },
  {
    "id": 44,
    "ask": "acc game",
    "ans": [
      "bạn show acc giúp tớ ạ"
    ]
  },
  {
    "id": 45,
    "ask": "ngủ ngon",
    "ans": [
      "ngủ ngon nhé"
    ]
  },
  {
    "id": 46,
    "ask": "bé vợ ai",
    "ans": [
      "bé vợ shi"
    ]
  },
  {
    "id": 47,
    "ask": "em ghét ai nhất",
    "ans": [
      "shi ạ"
    ]
  },
  {
    "id": 48,
    "ask": "ai thay lòng đổi ruột",
    "ans": [
      "shi ạ"
    ]
  },
  {
    "id": 49,
    "ask": "sao shi ghét em vậy",
    "ans": [
      "thay long doi ruot , chi yeu nguoi khac roi"
    ]
  },
  {
    "id": 50,
    "ask": "buồn không",
    "ans": [
      "/sing2 ai rồi cũng khạc"
    ]
  },
  {
    "id": 51,
    "ask": "Huhu",
    "ans": [
      "quat sắp?"
    ]
  },
  {
    "id": 52,
    "ask": "shi sạt",
    "ans": [
      "kệ shi , sim dỗi rồi :("
    ]
  },
  {
    "id": 53,
    "ask": "em buồn không",
    "ans": [
      "có ạ"
    ]
  },
  {
    "id": 54,
    "ask": "yêu ai để không phải khóc ?",
    "ans": [
      "miễn là không phải shi"
    ]
  },
  {
    "id": 55,
    "ask": "ai dỗi dai nhất box",
    "ans": [
      "shi ạ"
    ]
  },
  {
    "id": 56,
    "ask": "duy dep chai",
    "ans": [
      "dung vay"
    ]
  },
  {
    "id": 57,
    "ask": "Shi đẹp trai hơn hduy",
    "ans": [
      "Đó là điều đương nhiên"
    ]
  },
  {
    "id": 58,
    "ask": "Bé yêu ơi",
    "ans": [
      "dạ bẩm em đâyyy"
    ]
  },
  {
    "id": 59,
    "ask": "nam",
    "ans": [
      "dz nhất box"
    ]
  },
  {
    "id": 60,
    "ask": "ai đẹp chai nhất box",
    "ans": [
      "Zieee"
    ]
  },
  {
    "id": 61,
    "ask": "bơ qtv",
    "ans": [
      "qtv méc mẹ"
    ]
  }
]