{
    "boxname": [
        {
            "threadID": "6786489904717480",
            "name": "Support • 24/24🗂️🖥️"
        },
        {
            "threadID": "9661830823887032",
            "name": "❌Box Tệ Nạn❌"
        },
        {
            "threadID": "6470367219696862",
            "name": "Minebruh10.aternos.me:56739"
        },
        {
            "threadID": "5855642881210699",
            "name": "Ổ Sình Teyvat ✨"
        },
        {
            "threadID": "5556442971082682",
            "name": "Niio-team 🐧🤌🏻 (Test)"
        },
        {
            "threadID": "6708144355908309",
            "name": "cfc"
        },
        {
            "threadID": "9924645424277399",
            "name": "Em Phi Mặt Lồn Nhà Nghèo Dái"
        },
        {
            "threadID": "24008226332124588",
            "name": "Quân Đoàn C93 FF🌸( 21-10-2021)"
        },
        {
            "threadID": "24264077596524264",
            "name": "đừng cap ăn hôi nho"
        },
        {
            "threadID": "10040350249340130",
            "name": "𝗕𝗼𝘅 𝗖𝗵𝗮𝘁 𝗕𝗼𝘁"
        },
        {
            "threadID": "7699372706755994",
            "name": "𝙎𝙪𝙥𝙥𝙤𝙧𝙩 • 𝘽𝙤𝙩 ( Newbie )"
        },
        {
            "threadID": "4726928920750816",
            "name": "#𝗮𝗲𝗲𝗱𝗶𝘁𝗹𝗼𝗱 (𝟯𝟬/𝟯/𝟮𝟬𝟮𝟮) ( Không tag All, 18+ = Kick)"
        },
        {
            "threadID": "5676201835814113",
            "name": "#AEFIGHTING⚡️( 0 war+leak+18+)(16-7-2022)"
        },
        {
            "threadID": "6678929005501991",
            "name": "🥹"
        },
        {
            "threadID": "6804616456270022",
            "name": "Bot Chat Message"
        },
        {
            "threadID": "5632581580196662",
            "name": "✨ACE• Ba Miền✨"
        },
        {
            "threadID": "6863434487085563",
            "name": "AOV•Blaze Warriors🫰🍀"
        },
        {
            "threadID": "6895645853823585",
            "name": "🐧King and God (KOG•)🐧"
        },
        {
            "threadID": "6450671431679087",
            "name": "NT ┊ⓃⓄ┊ⓁⓄⓋⒺNO1"
        },
        {
            "threadID": "3300764126651666",
            "name": "Box•aic_9/3/2022"
        },
        {
            "threadID": "6318550908164044",
            "name": "NT ┊ⓃⓄ┊ⓁⓄⓋⒺNO2"
        },
        {
            "threadID": "5699790863414069",
            "name": "NC .Frankie"
        },
        {
            "threadID": "6595128843946427",
            "name": "𝕘𝕣𝕠𝕦𝕡 𝕓𝕒̂́𝕥 𝕙𝕒̣𝕟𝕙❀"
        },
        {
            "threadID": "24765509619729686",
            "name": "Đáy Xã Hội"
        },
        {
            "threadID": "6428712760499625",
            "name": "Băng Rồng Xanh 🐉🐉"
        },
        {
            "threadID": "6667999786660909",
            "name": "Light Angel👑"
        },
        {
            "threadID": "6935121499888018",
            "name": "🔥Báo Thủ AOV🔥"
        },
        {
            "threadID": "6896537173756952",
            "name": "CHƠI GAME ZUI ZẺ"
        },
        {
            "threadID": "24395386273440442",
            "name": "Thế Hệ Mới 4.0 🔥"
        },
        {
            "threadID": "7761374460544139",
            "name": "Nch Vv Hoặc Chửi nhau"
        },
        {
            "threadID": "6848022901978235",
            "name": "Hội Bàn Tròn                                                1/1/2024"
        },
        {
            "threadID": "7156002087746056",
            "name": "🌠 ๖ۣۜF𝓾𝓵𝓵  ๖ۣۜM𝓸𝓸𝓷 ๖ۣۜN𝓲𝓰𝓱𝓽♕✨| 17/10/2023|✨𝙳𝚎𝚋𝚞𝚝 𝟷𝟹/𝟷𝟸/𝟸𝟶𝟸𝟹⭐️"
        },
        {
            "threadID": "7043812862350250",
            "name": "𝘽𝙊𝙓🔥𝘼𝙀𝙍𝙀𝘼𝙇𝙎𝙀𝙍  (𝙡𝙚𝙖𝙠=𝙘𝙪́𝙩)  (𝙧𝙚𝙖𝙡) ( 𝟐𝟎/𝟎𝟕/𝟐𝟎𝟐𝟑 )"
        },
        {
            "threadID": "6608205805968505",
            "name": "𝐕𝐈𝐏⚜️𝐔𝐍𝐈𝐓𝐄𝐃🇻🇳(Box Tổng🐉)"
        },
        {
            "threadID": "3197047277048796",
            "name": "👑 𝕬𝖉 𝕿𝖊𝖆𝖒 👑"
        },
        {
            "threadID": "24328973006701323",
            "name": "『𝙅𝙭𝙐』𝙅𝙪𝙥𝙞𝙩𝙚𝙧 𝙭 𝙐𝙧𝙖𝙣𝙪𝙨 💫 3/8/2023"
        },
        {
            "threadID": "7052988111461311",
            "name": "NT ┊ⓃⓄ┊ⓁⓄⓋⒺNO3"
        },
        {
            "threadID": "7431368566894890",
            "name": "⚠︎𝚃𝚘𝚙_𝚖𝚘𝚍𝚎𝚕_𝚅𝚒𝚎𝚝𝚗𝚊𝚖𝚎𝚜𝚎☣︎☠︎ TMV🃁"
        },
        {
            "threadID": "6984345548309579",
            "name": "Chuyên Cho Mượn Bot Free ( Ko Lấy Phí )"
        },
        {
            "threadID": "7751578644858545",
            "name": "Hội Nhà Báo 🌚"
        },
        {
            "threadID": "7018423248179540",
            "name": "«\"land of moon\"» 9/11/2023"
        },
        {
            "threadID": "9019364888135369",
            "name": "『 𝐻𝐷 』• 𝐼𝑛𝑣𝑖𝑠𝑖𝑏𝑙𝑒"
        },
        {
            "threadID": "6590445907733407",
            "name": "𝐓𝐢𝐞𝐟𝐞 𝐃𝐮𝐧𝐤𝐞𝐥𝐡𝐞𝐢𝐭💫🕳️| TxD🧑‍🦽🧑‍🦽"
        },
        {
            "threadID": "4765774120165207",
            "name": "『 ℙ𝕙𝕦𝕠𝕟𝕘 ℕ𝕘𝕦𝕪𝕖𝕥 』Ᵽɳ₉₂"
        },
        {
            "threadID": "24080717458209182",
            "name": "ᴀɴɢᴇʟᥫ᭡Liên Quân✨"
        },
        {
            "threadID": "6553721618067894",
            "name": "Cánh Cụt 🐧7/1🐧"
        },
        {
            "threadID": "6839943569387772",
            "name": "✨𝙁𝙖𝙢𝙞𝙡𝙡𝙚𝙨 𝙊𝙛 𝙑𝙖𝙡𝙤𝙧✨"
        },
        {
            "threadID": "7640287275986358",
            "name": "ifox/6/1/2024"
        },
        {
            "threadID": "7019031251506772",
            "name": "🅗🅝 丶🅖🅡🅞🅟"
        },
        {
            "threadID": "6473867022732183",
            "name": "🌟𝐒𝐰𝐞𝐞𝐭𝐬 𝐂𝐨𝐟𝐟𝐞𝐞 𝟏𝐬𝐭🌟 - 𝟏𝟑𝐭𝐡𝟔-𝟐𝟎𝟐𝟐"
        },
        {
            "threadID": "7321152194590935",
            "name": "꧁☆° ﾟ 𝔸𝕟𝕔𝕚𝕖𝕟𝕥 𝔼𝕘𝕪𝕡𝕥 ✾༻"
        },
        {
            "threadID": "6362196283896955",
            "name": "『Star Group』🌟(12/07/2023)"
        },
        {
            "threadID": "7011899562221671",
            "name": "💞DecisiveVictory💞"
        },
        {
            "threadID": "6283719165058940",
            "name": "「 Tết Bình An 」  #𝐜𝐝_𝐭𝐞𝐚𝐦🌷› debut : 15.06.23 ‹"
        },
        {
            "threadID": "7257749774268979",
            "name": "𝐓𝐖 𝐁𝐎𝐗 𝐋𝐐"
        },
        {
            "threadID": "7641296619216514",
            "name": "TRỜI ĐÁNH CŨNG SỢ MẸ 😭"
        },
        {
            "threadID": "7230385143721579",
            "name": "NT ┊ⓃⓄ┊ⓁⓄⓋⒺ[ đón giao thừa giáp thìn 2024]"
        },
        {
            "threadID": "7372384302813383",
            "name": "Đét En Phờ Lây Ây Ô Vê 🐧🐧"
        },
        {
            "threadID": "7055867391161013",
            "name": "Ng Huy dùng lấy app"
        },
        {
            "threadID": "24562636803383417",
            "name": "∆•§••𝖍𝖎𝖌𝖍𝖑𝖔𝖜••§•∆"
        }
    ],
    "boximage": [
        {
            "threadID": "6786489904717480",
            "url": "https://i.imgur.com/QSGUg7T.jpg"
        },
        {
            "threadID": "9661830823887032",
            "url": "https://i.imgur.com/K2rjFov.jpg"
        },
        {
            "threadID": "6470367219696862",
            "url": "https://i.imgur.com/o1JFZpi.jpg"
        },
        {
            "threadID": "5556442971082682",
            "url": "https://i.imgur.com/cxznWhc.jpg"
        },
        {
            "threadID": "6708144355908309",
            "url": "https://i.imgur.com/yYB7DB0.jpg"
        },
        {
            "threadID": "24008226332124588",
            "url": "https://i.imgur.com/fNZovxa.jpg"
        },
        {
            "threadID": "10040350249340130",
            "url": "https://i.imgur.com/jaTnLHK.jpg"
        },
        {
            "threadID": "7699372706755994",
            "url": "https://i.imgur.com/VwoUZtN.jpg"
        },
        {
            "threadID": "4726928920750816",
            "url": "https://i.imgur.com/6jXX3SU.jpg"
        },
        {
            "threadID": "6678929005501991",
            "url": "https://i.imgur.com/OHSGZLa.jpg"
        },
        {
            "threadID": "5632581580196662",
            "url": "https://i.imgur.com/pXLdnbb.jpg"
        },
        {
            "threadID": "6895645853823585",
            "url": "https://i.imgur.com/CZiupSi.jpg"
        },
        {
            "threadID": "6450671431679087",
            "url": "https://i.imgur.com/gkANwEC.jpg"
        },
        {
            "threadID": "5349359428493130",
            "url": "https://i.imgur.com/SFaNuNV.jpg"
        },
        {
            "threadID": "6318550908164044",
            "url": "https://i.imgur.com/fav1LAK.jpg"
        },
        {
            "threadID": "5699790863414069",
            "url": "https://i.imgur.com/EQKwGrz.jpg"
        },
        {
            "threadID": "6595128843946427",
            "url": "https://i.imgur.com/3fFBvA3.jpg"
        },
        {
            "threadID": "24395386273440442",
            "url": "https://i.imgur.com/CXilHk2.jpg"
        },
        {
            "threadID": "24765509619729686",
            "url": "https://i.imgur.com/bZ8jSlC.jpg"
        },
        {
            "threadID": "6428712760499625",
            "url": "https://i.imgur.com/KZd1NSw.jpg"
        },
        {
            "threadID": "6667999786660909",
            "url": "https://i.imgur.com/vcrq0S5.jpg"
        },
        {
            "threadID": "6935121499888018",
            "url": "https://i.imgur.com/8PkzKyt.jpg"
        },
        {
            "threadID": "6896537173756952",
            "url": "https://i.imgur.com/xYLgh7F.jpg"
        },
        {
            "threadID": "7761374460544139",
            "url": "https://i.imgur.com/8e2KvIE.jpg"
        },
        {
            "threadID": "6848022901978235",
            "url": "https://i.imgur.com/XbCYBS5.jpg"
        },
        {
            "threadID": "7156002087746056",
            "url": "https://i.imgur.com/TjCLmo5.jpg"
        },
        {
            "threadID": "6283719165058940",
            "url": "https://i.imgur.com/gY9qLwX.jpg"
        },
        {
            "threadID": "7043812862350250",
            "url": "https://i.imgur.com/RH3Skcj.jpg"
        },
        {
            "threadID": "24328973006701323",
            "url": "https://i.imgur.com/VhIPqwM.jpg"
        },
        {
            "threadID": "7052988111461311",
            "url": "https://i.imgur.com/yCbz2Xk.jpg"
        },
        {
            "threadID": "6984345548309579",
            "url": "https://i.imgur.com/yjGbNAB.jpg"
        },
        {
            "threadID": "7751578644858545",
            "url": "https://i.imgur.com/USuDdlv.jpg"
        },
        {
            "threadID": "7018423248179540",
            "url": "https://i.imgur.com/7gC5gnd.jpg"
        },
        {
            "threadID": "9019364888135369",
            "url": "https://i.imgur.com/wqOLVy0.jpg"
        },
        {
            "threadID": "6590445907733407",
            "url": "https://i.imgur.com/i8o4FFF.jpg"
        },
        {
            "threadID": "7431368566894890",
            "url": "https://i.imgur.com/UQLKsm8.jpg"
        },
        {
            "threadID": "4765774120165207",
            "url": "https://i.imgur.com/SNi9mTH.jpg"
        },
        {
            "threadID": "24080717458209182",
            "url": "https://i.imgur.com/0M0T6W5.jpg"
        },
        {
            "threadID": "6844828558967332",
            "url": "https://i.imgur.com/e4yUiuJ.jpg"
        },
        {
            "threadID": "6553721618067894",
            "url": "https://i.imgur.com/mNPJNKY.jpg"
        },
        {
            "threadID": "6839943569387772",
            "url": "https://i.imgur.com/qa5g1fI.jpg"
        },
        {
            "threadID": "7019031251506772",
            "url": "https://i.imgur.com/1zoIGqE.jpg"
        },
        {
            "threadID": "6473867022732183",
            "url": "https://i.imgur.com/wFxPcpG.jpg"
        },
        {
            "threadID": "7321152194590935",
            "url": "https://i.imgur.com/N81vMxb.jpg"
        },
        {
            "threadID": "6362196283896955",
            "url": "https://i.imgur.com/oKfLn13.jpg"
        },
        {
            "threadID": "7011899562221671",
            "url": "https://i.imgur.com/sO5yZzC.jpg"
        },
        {
            "threadID": "6327233423981468",
            "url": "https://i.imgur.com/3ZtIHI6.jpg"
        },
        {
            "threadID": "6211448838955462",
            "url": "https://i.imgur.com/wgxTNxk.jpg"
        },
        {
            "threadID": "7257749774268979",
            "url": "https://i.imgur.com/A0Z4YI3.jpg"
        },
        {
            "threadID": "7084616578221299",
            "url": "https://i.imgur.com/CPH1O1G.jpg"
        },
        {
            "threadID": "3197047277048796",
            "url": "https://i.imgur.com/2uBcKl2.jpg"
        },
        {
            "threadID": "7230385143721579",
            "url": "https://i.imgur.com/ujKnB4c.jpg"
        },
        {
            "threadID": "7372384302813383",
            "url": "https://i.imgur.com/pCIhnsj.jpg"
        },
        {
            "threadID": "24562636803383417",
            "url": "https://i.imgur.com/QT4uqGz.jpg"
        },
        {
            "threadID": "6328370547184627",
            "url": {}
        }
    ],
    "antiout": {
        "6786489904717480": false,
        "5855642881210699": false,
        "6299344303460908": false,
        "5338986912893212": false,
        "5349359428493130": false,
        "4726928920750816": false,
        "5676201835814113": false,
        "6678929005501991": false,
        "5699790863414069": true,
        "3197047277048796": false,
        "6960476780696412": true,
        "5632581580196662": false,
        "6863434487085563": true,
        "6895645853823585": false,
        "6803896236384910": true,
        "6080529302056264": false,
        "3300764126651666": true,
        "6937954292893900": false,
        "6401346673319688": true,
        "6318550908164044": false,
        "6667999786660909": true,
        "6595128843946427": true,
        "6211448838955462": false,
        "7640287275986358": false,
        "6935121499888018": false,
        "24395386273440442": true,
        "24765509619729686": true,
        "6428712760499625": true,
        "6984345548309579": true,
        "6419104948190582": true,
        "6896537173756952": true,
        "6751549688286693": true,
        "7761374460544139": true,
        "6848022901978235": true,
        "7156002087746056": true,
        "7043812862350250": false,
        "7121867137859724": true,
        "24328973006701323": true,
        "7052988111461311": true,
        "7431368566894890": true,
        "24080717458209182": true,
        "7751578644858545": false,
        "7018423248179540": true,
        "6890708714338468": false,
        "9019364888135369": true,
        "6283719165058940": false,
        "7050523298374455": true,
        "6590445907733407": true,
        "6327233423981468": true,
        "4765774120165207": true,
        "6328370547184627": false,
        "6553721618067894": true,
        "6839943569387772": false,
        "7019031251506772": false,
        "24562636803383417": false,
        "7044692368978234": false,
        "7257749774268979": true,
        "7230385143721579": true,
        "7372384302813383": false
    },
    "antiNickname": [
        {
            "threadID": "6786489904717480",
            "data": {
                "585885531": "Thập Thủ Lệnh",
                "100019112371277": "CrazySquadGM",
                "100027105523677": "ZLPAY.RUN x CLMM.LU",
                "100038974699547": "『ᴇмʙéԍᴀмιɴԍ』",
                "100043044991011": "",
                "100044096243187": "tester xinh gái",
                "100046822702715": "Box Tệ Nạn (LP)",
                "100049356916902": "BinBin (907891 + đổi biệt danh)",
                "100051169840435": "×͜×ʀạᴘxιếcʟιQι",
                "100051488951087": "quó ai nì",
                "100057523457442": "𝓑𝓵𝓪𝓬𝓴 𝓟𝓪𝓷𝓽𝓱𝓮𝓻𝓼 𝓣𝓮𝓪𝓶",
                "100071731943609": "[ / ] • Tobi",
                "100072325904649": "Ổ Sình Teyvat ✨",
                "100073889114412": "hi",
                "100077323474027": "Box Thanh Tùng",
                "100078067479751": "» ! « → Bot Siu Cấp Vip Pờ Rồ",
                "100080878860665": "ㅤYour Name ㅤᥫᩣ",
                "100084868117065": "[ - ] • Niiozic",
                "100085412780938": "🏆Leo Pards Gaming🏆",
                "100087652159146": "[ - ] • Niiozic",
                "100090522207138": "Admin support",
                "100092742547112": "[ . ] • Bot Siu Cấp Vip Pờ Rồ",
                "100093515102658": "𝓑𝓵𝓪𝓬𝓴 𝓟𝓪𝓷𝓽𝓱𝓮𝓻𝓼 𝓣𝓮𝓪𝓶",
                "100094168903558": "[ / ] • Niiozic"
            }
        },
        {
            "threadID": "9661830823887032",
            "data": {
                "100009817113552": "sống chết với xỉu",
                "100015903480573": "Đang dỗi=> Neo Đơn",
                "100025076589634": "Ng Nghiện 0$ 😈😈",
                "100037945820436": "Tiền Vợ Cho Đánh Không Lo",
                "100046054395502": "cube mà đòi sánh vai với anh",
                "100046822702715": "Có tất cả nhưng thiếu anhs....",
                "100055771578926": "Thật là ba chấm🤨",
                "100065334340811": "Fan Gái Xinh",
                "100066540439580": "Kẹo dễ thương 🍔",
                "100069206345956": "anh có tài nhưng không có được em",
                "100069769320095": "Hịpp [con nghiện của clan]🤣",
                "100071385112787": "Dỗn Nhà Cái Đến Từ Châu Phi",
                "100071687271084": "kkk",
                "100077180882683": "Hải Quay Đầu Là Bờ",
                "100077797934826": "Ngân Não Ngắn",
                "100078067479751": "» ! « → Bot Siu Cấp Vip Pờ Rồ",
                "100081108391114": "Túuuuuu🥹",
                "100083181721308": "Nhân Lax all in tất cả vào tình iu",
                "100084868117065": "[ - ] • Niiozic",
                "100087652159146": "[ - ] • Bot Niiozic v3",
                "100092389653543": "Hấp đi xin mon",
                "100073889114412": "Admin bot",
                "100085130240990": "[ - ] • Bot Niiozic v3"
            }
        },
        {
            "threadID": "6470367219696862",
            "data": {
                "100000154104641": "Hbaodz",
                "100063621799670": "DrThanh",
                "100068244386161": "duongthedai(depchai)",
                "100070612081060": "Oggylaotoet",
                "100073889114412": "Admin bot",
                "100075550730885": "lengocduy",
                "100076755558392": "NoodNo",
                "100079492153938": "xCamenRaider",
                "100084868117065": "[ - ] • Niiozic",
                "100087652159146": "[ - ] • Niiozic",
                "100088031629966": "ED_quoc",
                "100090973027688": "chupchip",
                "100093978460042": "DuaHauKoHat_VN"
            }
        },
        {
            "threadID": "24008226332124588",
            "data": {
                "406322": "Hoàng Trung Thành ✅",
                "1501441": "Nguyễn Ngọc Nam ✅",
                "2203655": "Lại Văn Sĩ ✓⃝",
                "3405579": "Nam đờ zai 123",
                "12708642": "Nguyễn Văn Khôi ✅ đã xoá bạn khỏi nhóm",
                "19901352": "Nguyen Thi Phuong Anh",
                "22004532": "",
                "23504073": "Cao Ngọc Hải Đăng ✅",
                "33602266": "Nguyễn Văn Khôi ✅",
                "71303923": "Dương Thế Nhất ✅",
                "73800066": "",
                "602671339": "Ng Minh Chiến✅✅✅✅✅✅",
                "628210485": "Bế Đức Chính ✅✅✅✅✅✅✅✅✅✅✅✅✅✅✅✅✅✅✅✅✅✅✅✅✅✅✅✅✅✅✅✅✅✅✅✅✅",
                "750216591": "Phạm Anh Hào✅",
                "1208570064": "Pham Huu Luan ✅",
                "100000242583925": "Nguyen Van Tặc",
                "100001097362949": "Công An Quảng Bình✅",
                "100002175222327": "Trần Tiến Đăng✅",
                "100003216061122": "Nguyễn Thành Long ✅",
                "100004350284248": "Luke Glanton dep trai cu bu(white)",
                "100016017812480": "Chiến Thần Hà Nội ✅",
                "100024552401810": "Đoàn Tuấn ✅✅",
                "100025052231627": "Chienn Thangg ✅",
                "100028181173202": "Nguyễn Văn Bình✅",
                "100032002988883": "Phanh đã thêm trai đẹp vào nhóm",
                "100047219119871": "Nguyễn Thế Đăng ✅",
                "100047746514725": "Đỗ Hồ Khoa ✅",
                "100051719143084": "Nguyễn Hải Bình ✅",
                "100052816803473": "𝑽𝒖 𝑽𝒂𝒏 𝑻𝒖𝒏𝒈❎️❎️❎️❎️✅️✅️✅️✅️",
                "100054672072499": "Nguyễn Chiến✅",
                "100064571081659": "",
                "100072700060518": "",
                "100073693883744": "Fan Cứng IShowSpeed",
                "100077481925065": "AD 130 CheckScam GDTG - Ex FREE",
                "100078287033190": "Huỳnh Thanh Kiệt ✅",
                "100080376977704": "Trùm Box",
                "100083301813761": "Ninh Tích ☑",
                "100085130240990": "[ - ] • Bot Niiozic v3.6",
                "100085323085655": "Hồ Trọng Nghĩa",
                "100087652159146": "[ - ] • Bot Niiozic v3.6",
                "100093117511803": "Trần Bá Thái ✅",
                "61550967456136": "Hung✅",
                "100073889114412": "Admin bot",
                "100082438886626": ""
            }
        },
        {
            "threadID": "10040350249340130",
            "data": {
                "100000394956680": "[  ! ] • 𝐌𝐢𝐧𝐡𝐓𝐢̣𝐧𝐡𝐁𝐨𝐭",
                "100001837873386": "〖 / 〗• 𝐇𝐚𝐫𝐮𝐤𝐚-𝐯𝟐.𝟖",
                "100001838241327": "〖 / 〗• 𝐇𝐚𝐫𝐮𝐤𝐚-𝐯𝟐.𝟖",
                "100001941475254": "[ ? ] • 𝗜𝗠𝗭✅",
                "100009193419033": "『 . 』• 𝐁𝐨𝐭 𝐙𝐮𝐫𝐢 𝐯𝟐.𝟓🧸",
                "100094629826721": "[  . ] • 𝐙𝐮𝐫𝐢🧸",
                "61550738390142": "『 / 』 ⪼ ^.^",
                "61550858278020": "[ ? ] • [𝐁𝐨𝐭 𝐂𝐮𝐚 𝐄𝐦𝐢𝐥𝐲 🌷]",
                "61552574541200": "『 . 』• 𝐁𝐨𝐭 𝐙𝐮𝐫𝐢 𝐯𝟐.𝟓🧸",
                "61553100564258": "〖 / 〗• 𝐇𝐚𝐫𝐮𝐤𝐚-𝐯𝟐.𝟖"
            }
        },
        {
            "threadID": "6895645853823585",
            "data": {
                "100001837873386": "『 / 』 ⪼ 𝙱𝙾𝚃 𝙳𝚘𝚗𝚐𝙳𝚎𝚟👾",
                "100027877533411": "lính nhỏ 🐧",
                "100037815592727": "🐧 KOG•T.Bìnhh",
                "100055278532130": "🐧 KOG• bongbet 2k3",
                "100068207464529": "🐧 KOG•Quaan",
                "100069128480949": "KOG•Thịnh08🐧",
                "100072696640094": "KOG•tâm04",
                "100075183980954": "🐧 KOG• Kian",
                "100075900311325": "🐧 KOG• Vk Hoàng=)))",
                "100082603264104": "🐧 KOG• ghuy",
                "100085540247411": "🐧 KOG•Hui",
                "100088879443839": "KOG •🐧 tuân2k",
                "100089071332692": "Xoài đẹp choaiiiiiiii 🐧 KOG•",
                "100091336290445": "KOG•zyhuyn",
                "100092480303029": "🐧 KOG• Lynk k5",
                "100093649326277": "🐧 KOG•Thanh k7",
                "100093708194408": "🐧 KOG• Acc cl của Xoài 🫶",
                "100094617931490": "KOG •🐧Ngọc Anh08",
                "100095058826316": "KOG•duy🌚",
                "61553229820925": "Osin của Xoài đẹp zai",
                "61554356604330": "KOG•",
                "61554578990660": "KOG •🐧Kiệt 97",
                "100068096370437": "Admin Bot 🔐",
                "100041858782759": "KOG• Chíp x2🐥 ",
                "100082580102694": "",
                "100001838241327": "『 / 』 ⪼ 𝙱𝙾𝚃 𝙳𝚘𝚗𝚐𝙳𝚎𝚟👾"
            }
        },
        {
            "threadID": "7761374460544139",
            "data": {
                "100001837873386": "『 / 』 ⪼ 𝙱𝙾𝚃 𝙳𝚘𝚗𝚐𝙳𝚎𝚟👾",
                "61550013122232": "[ ' ] •  𝐭𝐡𝐢𝐬𝐳𝐲𝐨",
                "61553353496743": "[ / ] • 𝑫𝒐𝒓𝒂𝒂-𝑪𝒉𝒂𝒏 ❤",
                "61551362195356": ""
            }
        },
        {
            "threadID": "7751578644858545",
            "data": {
                "100001837873386": "bot ngu ",
                "100001838241327": "cc",
                "100048012427276": "Chồng em",
                "100052806816514": "Crep 2k1",
                "100070695052190": "t sẽ ko tt với box nữa🙂",
                "100071489084321": "vanhngungo05",
                "100073601648491": "Anh Ba qui fai🫥",
                "100073624489154": "còn độc thân",
                "100075540766153": "trai đẹp ff",
                "100077751467965": "im lặng cùng anhthuw🫰",
                "100077977819588": "Cậu Út Báo",
                "100078908717144": "ng đẹpp 💋",
                "100081896473465": "con căc anh cỡ nào?",
                "100083693677696": "dợ iu cuaa baoo anhh💤 ( tịnh tâm )",
                "100090087370029": "🌚",
                "61551340980673": "🐥",
                "61552360372838": "[ / ] •  𝐙𝐲𝐨",
                "61553675263160": "[  - ] • Linh Đan",
                "61553677683861": "Nấm m⁵",
                "61555000295123": "『 . 』 bot",
                "100009193419033": "『 / 』丶BotDepChai👾"
            }
        },
        {
            "threadID": "6848022901978235",
            "data": {
                "100001837873386": "『 / 』 ⪼ 𝙱𝙾𝚃 𝙳𝚘𝚗𝚐𝙳𝚎𝚟👾",
                "100001838241327": "『 / 』 ⪼ 𝙱𝙾𝚃 𝙳𝚘𝚗𝚐𝙳𝚎𝚟👾",
                "100019135025722": "《 Yuii 》♤- ql _Red balck casino and fate♧",
                "100023663749188": "RURI - BOSS _\"«LAND MOON»\"",
                "100026657051649": "Yumii-BBOSS1_✦Ｒαɪɴβσω∾ᗯɪтch",
                "100052329488948": "Tsuki - Bboss _𝕬𝖓𝖌𝖑𝖊 𝕴𝖓 𝕳𝖊𝖑𝖑",
                "100054645674856": "TOKO - BBOSS _\"«LAND MOON»\"",
                "100060418757426": "TDung-B.Boss _𝑊𝑖𝑏𝑢 𝑅𝑢𝑙𝑒 𝑇ℎ𝑒 𝑊𝑜𝑟𝑙𝑑🥀",
                "100068890873414": "Stella-Pboss_𝙅𝙪𝙥𝙞𝙩𝙚𝙧 𝙭 𝙐𝙧𝙖𝙣𝙪𝙨💫",
                "100069477799746": "Kòy_Boss/𝔹𝕦𝕟𝕟𝕚𝕖𝕤 𝕝𝕠𝕧𝕖 𝕥𝕠 𝕤𝕝𝕖𝕖𝕡💤",
                "100070948448314": "Yuri-ʙoss1_𝕴𝖓𝖋𝖎𝖓𝖎𝖙𝖞 𝕾𝖙𝖆𝖗𝖘",
                "100073864847068": "Kẹo kem bơ-p.ʙoss2_𝕴𝖓𝖋𝖎𝖓𝖎𝖙𝖞 𝕾𝖙𝖆𝖗𝖘",
                "100073968765385": "mary - Bboss _🌙Moon and sun☀",
                "100074084177097": "Yumii-BBOSS1_✦Ｒαɪɴβσω∾ᗯɪтch",
                "100074116166844": "Coffee-B.Boss_『Bright Star Village✨🎭』",
                "100075139867000": "《toan 》♤- Pboss _Red balck casino and fate♧",
                "100075235530704": "Li - QTV _\"«LAND MOON»\"",
                "100076857443737": "MDuy - P.Bboss _🌙Moon and sun☀",
                "100077039465058": "𝔍𝔈𝔜 - bboss _꧁•٭BŁλZE₩λƦƦłØƦ٭•꧂",
                "100077271425439": "Skye - Boss _ ✦𝙋𝙚𝙖𝙧𝙡 𝙤𝙛 𝙚𝙩𝙚𝙧𝙣𝙞𝙩𝙮",
                "100077477172073": "Paow - Boss _𝑊𝑖𝑏𝑢 𝑅𝑢𝑙𝑒 𝑇ℎ𝑒 𝑊𝑜𝑟𝑙𝑑🥀",
                "100079080954870": "《kai》♤- boss _Red balck casino and fate♧",
                "100079752715217": "Izyt-ᴘ.ʙᴏss²_ 𝕴𝖓𝖋𝖎𝖓𝖎𝖙𝖞 𝕾𝖙𝖆𝖗𝖘",
                "100079779792746": "CÁO - THƯ KÍ_\"«LAND MOON»\"",
                "100080221784718": "《Duy 》♤- Bboss _Red balck casino and fate♧",
                "100080751393899": "Lỏn-pboss_𝔹𝕦𝕟𝕟𝕚𝕖𝕤 𝕝𝕠𝕧𝕖 𝕥𝕠 𝕤𝕝𝕖𝕖𝕡",
                "100081144169143": "dQyh-P.boss_ミ★ʙʟuᴇsнʀιмᴘ★彡",
                "100082008573605": "𝐏𝐮𝐦𝐢𝐧-ʙ.ʙoss_𝕴𝖓𝖋𝖎𝖓𝖎𝖙𝖞 𝕾𝖙𝖆𝖗𝖘",
                "100082494909484": "Hthien-Qtv_𝙅𝙪𝙥𝙞𝙩𝙚𝙧 𝙭 𝙐𝙧𝙖𝙣𝙪𝙨💫",
                "100083384798094": "ZinC-ʙoss2_𝕴𝖓𝖋𝖎𝖓𝖎𝖙𝖞 𝕾𝖙𝖆𝖗𝖘",
                "100083492817512": "Ren-Qtv_𝙅𝙪𝙥𝙞𝙩𝙚𝙧 𝙭 𝙐𝙧𝙖𝙣𝙪𝙨💫",
                "100084588554709": "HẬU - QTV _\"«LAND MOON»\"",
                "100084639131710": "Dmeo - Pboss _ ✦𝙋𝙚𝙖𝙧𝙡 𝙤𝙛 𝙚𝙩𝙚𝙧𝙣𝙞𝙩𝙮",
                "100086407606548": "《Raphael》♤- p.boss_Red balck casino and fate♧",
                "100086555360195": "《bang》♤- pboss _Red balck casino and fate♧",
                "100087587076482": "Kar_Thư Ký_ ๖ۣۜF𝓾𝓵𝓵  ๖ۣۜM𝓸𝓸𝓷 ๖ۣۜN𝓲𝓰𝓱𝓽",
                "100087971714714": "Tôm-B.boss_ミ★ʙʟuᴇsнʀιмᴘ★彡",
                "100087999831732": "Yoon-Bboss_₊˚ପ ☁️𝙏𝙝𝙚ㅤ 𝘾𝙡𝙤𝙪𝙙𝙮ㅤ 𝘾𝙖𝙩 🐾 ✩‧₊˚",
                "100088666685511": "Nguyệt Nhã-Tky_₊˚ପ ☁️𝙏𝙝𝙚ㅤ 𝘾𝙡𝙤𝙪𝙙𝙮ㅤ 𝘾𝙖𝙩 🐾 ✩‧₊˚",
                "100088689916127": "Tero-P.Boss _𝑊𝑖𝑏𝑢 𝑅𝑢𝑙𝑒 𝑇ℎ𝑒 𝑊𝑜𝑟𝑙𝑑🥀",
                "100088776789603": "Hydro acid - Thư ký _The night in the Ocean",
                "100089185625174": "Nasa -B.boss _๖ۣۜF𝓾𝓵𝓵  ๖ۣۜM𝓸𝓸𝓷 ๖ۣۜN𝓲𝓰𝓱𝓽",
                "100089774384058": "《ines》♤- Tk _Red balck casino and fate♧",
                "100090562700474": "『 ! 』 ⪼  𝑴𝒂𝒓𝒊𝒔 🍓",
                "100090627063667": "Khờ - P.Boss _𝑊𝑖𝑏𝑢 𝑅𝑢𝑙𝑒 𝑇ℎ𝑒 𝑊𝑜𝑟𝑙𝑑🥀",
                "100090904561760": "《jisii》♤- boss _Red balck casino and fate♧",
                "100091800114265": "Layla-ʙ.ʙoss_𝕴𝖓𝖋𝖎𝖓𝖎𝖙𝖞 𝕾𝖙𝖆𝖗𝖘",
                "100092313305193": "《Nvuxx》♤- ql _Red balck casino and fate♧",
                "100092464891438": "𝙠𝙖𝙧𝙞 - 𝙗𝙗𝙤𝙨𝙨 _Ꮺ𝙢𝙮 familyꔛ",
                "100092536126081": "Qea - Boss¹ _𝕬𝖓𝖌𝖑𝖊 𝕴𝖓 𝕳𝖊𝖑𝖑",
                "100092665225989": "Bún riêu - Pboss1 _The night in the Ocean",
                "100092759227417": "[ / ] •  𝐙𝐲𝐨",
                "100093170118324": "Rinn-Pboss_₊˚ପ ☁️𝙏𝙝𝙚ㅤ 𝘾𝙡𝙤𝙪𝙙𝙮ㅤ 𝘾𝙖𝙩 🐾 ✩",
                "100093566296197": "Jesse-Qtv_𝙅𝙪𝙥𝙞𝙩𝙚𝙧 𝙭 𝙐𝙧𝙖𝙣𝙪𝙨 💫",
                "100094283730121": "Nylk - Qtv _ ✦𝙋𝙚𝙖𝙧𝙡 𝙤𝙛 𝙚𝙩𝙚𝙧𝙣𝙞𝙩𝙮",
                "100094304764085": "Kaytlyn-Bboss_𝙅𝙪𝙥𝙞𝙩𝙚𝙧 𝙭 𝙐𝙧𝙖𝙣𝙪𝙨💫",
                "100094327673908": "Ciara-Pboss_𝙅𝙪𝙥𝙞𝙩𝙚𝙧 𝙭 𝙐𝙧𝙖𝙣𝙪𝙨💫",
                "100094357748752": "Denggo - Bbos _ ✦𝙋𝙚𝙖𝙧𝙡 𝙤𝙛 𝙚𝙩𝙚𝙧𝙣𝙞𝙩𝙮",
                "100094668255563": "Donike-Tky_ミ★ʙʟuᴇsнʀιмᴘ★彡",
                "100094798934763": "Kanji_QTV_ ๖ۣۜF𝓾𝓵𝓵  ๖ۣۜM𝓸𝓸𝓷 ๖ۣۜN𝓲𝓰𝓱𝓽",
                "61550210441215": "Kiren_P.boss_ ๖ۣۜF𝓾𝓵𝓵  ๖ۣۜM𝓸𝓸𝓷 ๖ۣۜN𝓲𝓰𝓱𝓽",
                "61550361710369": "Hez-Pboss_𝙅𝙪𝙥𝙞𝙩𝙚𝙧 𝙭 𝙐𝙧𝙖𝙣𝙪𝙨💫",
                "61550512658242": "Yoii-Tky_𝙅𝙪𝙥𝙞𝙩𝙚𝙧 𝙭 𝙐𝙧𝙖𝙣𝙪𝙨💫",
                "61550602937898": "cánh cụt - Bboss _☀️MOON AND SUN🌙",
                "61550822815922": "pơ - P.boss_ ミ★ʙʟuᴇsнʀιмᴘ★彡",
                "61550969383973": "Ka - P.boss_�Red black casino and Fate�💭RBCxF💥",
                "61551336522352": "Kel Kel - Boss² _𝕬𝖓𝖌𝖑𝖊 𝕴𝖓 𝕳𝖊𝖑𝖑",
                "61551362195356": "Loui - Boss Tổng _ Hội Bàn Tròn",
                "61551464443086": "kai_BBOSS_𝔹𝕦𝕟𝕟𝕚𝕖𝕤 𝕝𝕠𝕧𝕖 𝕥𝕠 𝕤𝕝𝕖𝕖𝕡",
                "61551628457505": "Sun - Pboss¹ _𝕬𝖓𝖌𝖑𝖊 𝕴𝖓 𝕳𝖊𝖑𝖑",
                "61551898767661": "Bắp-BOSS1_✦Ｒαɪɴβσω∾ᗯɪтch",
                "61552152192736": "shi - QTV_🌙Moon and sun☀",
                "61552306403289": "Đen-Bboss_🌙Moon Ocean Lan🌙",
                "61552577980844": "Keito-Boss_₊˚ପ ☁️𝙏𝙝𝙚ㅤ 𝘾𝙡𝙤𝙪𝙙𝙮ㅤ 𝘾𝙖𝙩 🐾 ✩‧₊˚",
                "61553001640195": "Lucar- Thư kí _The night in the Ocean",
                "61553041104861": "missuniverse2018-qtv_𝕴𝖓𝖋𝖎𝖓𝖎𝖙𝖞 𝕾𝖙𝖆𝖗𝖘",
                "61553206161574": "Akasy-Pboss_₊˚ପ ☁️𝙏𝙝𝙚ㅤ 𝘾𝙡𝙤𝙪𝙙𝙮ㅤ 𝘾𝙖𝙩 🐾 ✩‧₊˚",
                "61553274522375": "Yuri-Tky_𝙅𝙪𝙥𝙞𝙩𝙚𝙧 𝙭 𝙐𝙧𝙖𝙣𝙪𝙨💫",
                "61553296585334": "Nasa - B.boss _๖ۣۜF𝓾𝓵𝓵  ๖ۣۜM𝓸𝓸𝓷 ๖ۣۜN𝓲𝓰𝓱𝓽",
                "61553303802001": "ᴀ ɴ ɢ ᴜ s - Qtv¹ _𝕬𝖓𝖌𝖑𝖊 𝕴𝖓 𝕳𝖊𝖑𝖑",
                "61553936125395": "Hirn-Bboss2_₊˚ପ ☁️𝙏𝙝𝙚ㅤ 𝘾𝙡𝙤𝙪𝙙𝙮ㅤ 𝘾𝙖𝙩 🐾 ✩‧₊˚",
                "61554506978013": "Su-p.ʙoss3_𝕴𝖓𝖋𝖎𝖓𝖎𝖙𝖞 𝕾𝖙𝖆𝖗𝖘",
                "61554669474944": "akasy - Qtv_The night in the Ocean",
                "61554796647466": "Shi - P.Boss _☀️MOON AND SUN🌙",
                "61554953187592": "Haru - Bboss _The Night in the Ocean",
                "61555139091818": "ixi - thư ký _🌙Moon and sun☀",
                "61555169031460": "Ngminh-Boss_𝙅𝙪𝙥𝙞𝙩𝙚𝙧 𝙭 𝙐𝙧𝙖𝙣𝙪𝙨💫",
                "61555293027182": "Ran - Bboss _☀️MOON AND SUN🌙"
            }
        },
        {
            "threadID": "5632581580196662",
            "data": {
                "772083700": "ACE•Kirito Tú k7",
                "100000710492810": "『 / 』BotDepChai",
                "100001837873386": "『Star 丶Group』",
                "100001838241327": "『 / 』 ⪼ 𝙱𝙾𝚃 𝙳𝚘𝚗𝚐𝙳𝚎𝚟👾",
                "100003729421840": "ACE•LĐC99",
                "100004301374256": "ACE•Anh 3 Quốc",
                "100004914931023": "ACE• Tuyên 93",
                "100004935781162": "ACE •Quyên94!",
                "100005389892716": "ACE•Bé Gạo 99",
                "100005560273932": "ACE• Gấu Ca 97",
                "100005867913804": "ACE•TúTrương.82LàoCai",
                "100006160241998": "ACE• Nashh 98",
                "100006485365205": "ACE • Huy 94",
                "100006719439348": "ACE•Tí 23 chủi",
                "100007084209873": "ACE• Thái Lạc 94",
                "100007560769066": "ACE• Đức K1",
                "100007830276568": "ACE•Lâm 97",
                "100007972327522": "ACE•Khang 99",
                "100008094452683": "ACE•Nhiên! k3",
                "100008373421436": "『 / 』 ⪼ 𝙱𝙾𝚃 𝙳𝚘𝚗𝚐𝙳𝚎𝚟👾",
                "100009193419033": "『 / 』 ⪼ 𝙱𝙾𝚃 𝙳𝚘𝚗𝚐𝙳𝚎𝚟👾",
                "100009351533748": "ACE•Nguyễn Thư 2k7",
                "100009893889233": "ACE• Tiến Đức k5",
                "100010295407552": "ACE• Fúc K2",
                "100010302541737": "ACE•Hiếu k4",
                "100010351605544": "ACE• Hoàng 03",
                "100010382110745": "ACE• M.Khang 2k2",
                "100010502041535": "ACE•Tuấn 99",
                "100010660303249": "ACE•Việtt vui vẻ k3",
                "100010957292078": "ACE• Duy 99",
                "100011512921787": "ACE•Hà Nguyễn2k5",
                "100012158318649": "ACE• Hải xiaomi • K4",
                "100012396044887": "ACE•Tuyet 2k2",
                "100012930305289": "ACE • Mừng Văn 92",
                "100013044332562": "ACE• Milky Way",
                "100013183660209": "ACE•Đạtkoy2k",
                "100013551911515": "✿ACE•MŤČườŃG2K5",
                "100015059569450": "ACE•Kiều Phan 96",
                "100015645030172": "Kiên 98",
                "100016617130236": "ACE Tin Tin 92",
                "100016675680759": "ACE• Hùng 2005",
                "100016682563057": "ACE•Quinn_99",
                "100018094765893": "ACE•bống k1",
                "100018633626472": "ACE•Hà07",
                "100018729520297": "ACE•Đẹp trai nhứt nhóm 2k16",
                "100019055205086": "ACE•top yan đổi tên k3",
                "100019289538819": "ACE•hihii2k6",
                "100019354646530": "ACE•Minh Thiện ⁰⁴",
                "100020778277569": "ACE• nquang⁰⁶",
                "100021177663230": "ACE • PhanPhong2k1",
                "100021931122500": "ACE•lnlan²⁰⁰⁴",
                "100022089907330": "[ # ] ➜ 𝐉𝐑𝐓 𝐱 𝐓𝐫𝐚𝐜𝐲",
                "100022191901145": "ACE• Kiên trùm box k 10",
                "100022385581636": "ACE • D.3",
                "100022716408238": "ACE•Ken k2",
                "100022889138152": "ACE•Quang Hải U19",
                "100023105405236": "ACE• Phương 06",
                "100023499856175": "ACE•phát k1",
                "100023629600671": "ACE• Phong05",
                "100024091502585": "ACE•mạnhxinlỗi 205",
                "100024557868142": "ACE•Satan.00",
                "100024569357481": "ACE•M.Hiếu k2",
                "100024681377046": "ACE• Bối2000🐸❤️",
                "100025054823268": "ACE• Tloc 2005",
                "100025077482082": "ACE• ĐAT No.8",
                "100025242647071": "ACE•Chiều Đại 4k",
                "100026059697939": "ACE.Thảo Mai 2k5",
                "100026611238701": "ACE• HoàiBẹtBoy[2k]",
                "100026758933320": "ACE•KhanhNè:3",
                "100026895277684": "ACE •Mèo 2k2",
                "100027028762398": "ACE•Đạt 03",
                "100027070842352": "ACE•Bơ K2",
                "100027328727041": "ACE•đừngping nữa04",
                "100028488334016": "ACE•DEFERT chính hãng ᒾ𝔨³",
                "100028489474321": "ACE•Thu Hiền 2k4",
                "100028790804092": "ACE*BỊP*02",
                "100029982737634": "ACE. Tiểu Bình K5",
                "100030139423483": "ACE•tгộ๓ςђóđâץy98",
                "100030151471520": "ACE•Mai Hương2k4",
                "100030285795288": "ACE• chupedank4",
                "100030342571840": "ACE• ¥Anh'BụngTo¥ (01)",
                "100030479267705": "ACE • Tink 03 🦋",
                "100031424921554": "ACE• Khánh(chưa ny)99",
                "100031770789537": "ACE•Kayᒾ⁰⁰⁵",
                "100032304194197": "ACE•ᴛườɴɢ ᴠʏʏ ⁰³",
                "100033507944750": "ACE•Đức²⁰⁰²",
                "100033638017739": "ACE• Leo 04",
                "100033849082768": "ACE• Khánh Còi95",
                "100033956363919": "ACE• Yochi k1",
                "100033968022849": "ACE•Đậu Đậu !! 2k2",
                "100034553808320": "ACE• Thỏ Xinh Gái 99",
                "100034683217353": "ACE.BéBi03",
                "100034869281818": "ACE•zeyy °k4",
                "100035049075250": "ACE• Hiệu.00",
                "100036543411816": "ACE•ʚKun Kunɞ04",
                "100036708432619": "ACE.trường 92",
                "100037865107893": "ACE• tùng 2k2",
                "100037888542302": "ACE•Vy 98",
                "100038377020814": "ACE•Temailk24",
                "100038766290620": "ACE •bơ k8",
                "100039198331861": "ACE• Ba 97",
                "100039271923832": "Chủ Boss ACE•2k2",
                "100039663887261": "ACE•hungtank2",
                "100040106431071": "ACE• Masa 2k7",
                "100040141731462": "ACE•Lương Minh Khải2k6",
                "100041011511864": "ACE•khanhhuyen08",
                "100041032087421": "ACE•Midas09",
                "100041227343544": "ACE• Minh Anh Yêu Em=))2k8",
                "100041288492418": "ACE•Đỗ Văn Phước 94",
                "100041441415288": "ACE• Phúc K5",
                "100041577935286": "ACE•oanhoanhcutephomaiquechiyeuminhanhʕ ᵔᴥᵔ ʔ06",
                "100041858782759": "ACE • Chípp x2",
                "100042128327157": "ACE•Thành LợiK4",
                "100042250241744": "ACE •  Vân Bee Love Zata k7",
                "100042255949200": "ACE• Chiến04",
                "100042307953149": "ACE •Kiên 93",
                "100042337069329": "ACE•Ngthutrang08",
                "100042558814364": "ACE•hzuyenn206 🐰",
                "100044111470635": "ACE.Ngân.MÂY2007",
                "100044399086608": "ACE•LinhAT2k2",
                "100044465110337": "ACE • Toàn",
                "100044748079584": "ACE• Hoàng xinh trai 😘😗24 tủi",
                "100045277581081": "ACE• Gấu 2k6",
                "100045724454136": "ACE•Nguyễn Khánh Linh k5",
                "100046175321174": "️️️️️️️️️️️️️️️️️️️️️️️️️️️️️️️️️️️️️️️️️️️️️️️️️️",
                "100046178591174": "ACE•Lyy K8",
                "100046292103991": "ACE•Manh2004",
                "100047050063906": "ACE•Khánh 2007",
                "100047141765317": "ACE• Chàng Đầu Bạc ☘️⁰³",
                "100047183135157": "ACE • long lẻ 3",
                "100047192311108": "ACE.ĐẠT2004",
                "100047446492560": "ACE•Busdda🥰",
                "100047517502858": "ACE•Bes Báo 2k4",
                "100047934470337": "ACE •Pn Hải",
                "100048080002053": "ACE•Chanh01",
                "100048591821860": "ACE•ndt 206",
                "100048689122944": "ACE•Dư•k3",
                "100049052347881": "ACE•Huy 08",
                "100049286230211": "ACE•ENZO JR⁰⁵",
                "100049659825930": "ACE•Lân 205",
                "100049709363280": "ACE•Duong05",
                "100049989528268": "ACE. OwO 6",
                "100050072148800": "ACE•Tỉnhk4",
                "100050168441599": "ACE•buon07 đã bị kích khởi nhóm",
                "100050194443186": "ACE•Ngọc Diễn 2k6",
                "100050370494431": "ACE• Madaraa 06",
                "100050558286128": "ACE • lạ k7",
                "100050870859468": "ACE•Việt o8",
                "100050918072150": "ACE•Trí 2005",
                "100050928488322": "ACE• Din Din k7",
                "100051729458979": "ACE•Mít Heo Mập ko mập:> k28:>",
                "100051843262395": "ACE•hansokiu206",
                "100052352317890": "ACE•Bé Mây 2k",
                "100052587455130": "ACE• gió 97",
                "100052856193548": "ACE• ThThuận k6",
                "100053007221742": "< ACE > Trường nè 😶‍🌫️ 19+",
                "100053181693283": "ACE • Enhhh • 2k6",
                "100053333228354": "ACE•mhung208",
                "100053452264779": "ACE•Wig k6",
                "100053494344914": "ace. phụ nữ gấc iu 🍇18",
                "100053797367625": "ACE•Hoèng⁰⁷🗿👍",
                "100053950690452": "ACE•Thươngchotấmthâncơhàn05",
                "100054095443781": "ACE•HoàngAnh04",
                "100054149942199": "ACE• Huy k4",
                "100054576063389": "ACE● Hoài ᒾ⁰⁰⁴",
                "100054613160936": "ACE•Pỏn k6",
                "100054697117629": "ACE•Layy",
                "100054760441828": "ACE•Hiến2004",
                "100054769571636": "ACE•Thành 4",
                "100055332601066": "ACE•[Trí][Huỳnh] k7",
                "100055956759580": "ACE•Tép09",
                "100055976663645": "ACE• Thiên 03",
                "100056125242568": "ACE•ThảoK6",
                "100056835796905": "ACE• Viên ⁰⁸",
                "100057172749417": "ACE•🐢🐢²⁰⁰⁶",
                "100057282105798": "ACE•LinhBear⁰⁷",
                "100057884470835": "ACE• Tài Mini k3",
                "100058293670385": "ACE• 😹😹⁰⁵",
                "100058503946537": "ACE•minh 2k3",
                "100059110237531": "ACE • Hiếu 04",
                "100059338608591": "ACE• Máy Bé Nhỏ (k6)",
                "100059528768814": "ACE~Lnhi k8•.•\"",
                "100059787923671": "ACE• Cần 05",
                "100060204415148": "ACE• Chương k2",
                "100060614404414": "ACE•VChuyển03",
                "100060794013856": "ACE•Linh06",
                "100060801154154": "ACE•Lyy k8:)",
                "100060965658428": "ACE• Mi 05🍓",
                "100061244523776": "ACE•Vuong Pham 98",
                "100062043200193": "ACE - Ếch k6 🐸",
                "100063017932158": "ACE• dũng",
                "100063058055369": "ACE•MinhTrik1",
                "100063208895847": "ACE• 𝖐𝖎𝖒𝖍𝖔𝖓𝖌 𝖐໒",
                "100063521500715": "ACE•đạt_06",
                "100063617191833": "ACE•YiaoXin k7",
                "100063802747018": "ACE.Ngọc²𝔨⁶",
                "100064205623244": "ACE•meow 09",
                "100064303401817": "ACE. tun2o3",
                "100064390934550": "ACE•Toàn 05",
                "100064425188372": "ACE • Lyli cute k8",
                "100064453952250": "ACE• LOKI So Badd k1",
                "100064572063471": "ACE•khánh đang ôn thi 05 ☘",
                "100064784979268": "ACE•Key⁰⁷",
                "100064909448311": "ACE•pink 𝖐წ",
                "100064957933921": "ACE• LinLin 💐03",
                "100065193862279": "ACE•Hoàngk10",
                "100065346220618": "ACE• Huy2k8",
                "100065706481130": "ACE tiên k6 astray",
                "100066277836200": "ACE• Diện 96",
                "100066308475918": "ACE•Hải 07",
                "100066485292315": "ACE•Mưa-98",
                "100066768400459": "ACE • Quyết Cô Nương²⁰⁰⁴",
                "100066927935655": "ACE•Sun04",
                "100067167669487": "ACE• vh 010",
                "100067197609933": "ACE• Mì hai Tôm 🍜⁰⁶",
                "100067597766085": "ACE• Zịt tới chơi",
                "100067864456091": "『 / 』 • 𝐁𝐎𝐓",
                "100067998377033": "ACE•Ngọc🍄2k",
                "100068007071128": "ACE• Khôi Uchiha 206",
                "100068146547370": "ACE • Chí Phèo 02",
                "100068226785507": "ACE•Kjm ²⁰⁰⁴",
                "100068563006293": "ACE•NhưDay²⁰⁶",
                "100068566069232": "ACE• ๛s̫a̫d̫b̫o̫y̫✘ᶜᵘᵗᵉ 3tuổi",
                "100068637307313": "ACE•Nam.⁰⁰",
                "100069093761621": "ACE• Mèo kute k3😜",
                "100069169501170": "ACE.Sadboy.98",
                "100069317012999": "ACE•🐣_05",
                "100069440136450": "ACE•vũ phạm 2k7",
                "100069500043984": "ACE• Hiếu °96",
                "100069512563283": "ACE• Đức Anh 2k4",
                "100069870294038": "ACE•Kenk2",
                "100070663430422": "ACE• Linh2k5",
                "100070863728814": "ACE• Gấu lụi 2k",
                "100071128819509": "ACE•Tuấn 2k",
                "100071146068039": "ACE •hiệpk8",
                "100071178893901": "ACE•Dino~k8😢(Xoài đẹp choaiiiiiiii 🐧",
                "100071562070018": "ACE • híu 07",
                "100071706310126": "ACE• Endy ⁰³",
                "100072420575856": "ACE • thiện (07)",
                "100072426999506": "ACE• để em ad là win k5🏔",
                "100072786758589": "ACE• thịnk6",
                "100072960144751": "ACE• hiệp có Ny 2006",
                "100073057796268": "ACE•huyền 07",
                "100073211856617": "ACE•ᶻᵃᵗᵃpanieᵛᵒˡᵏᵃᵗʰ",
                "100073212996355": "Dun",
                "100073322445227": "ACE•Bảo k6 0_o",
                "100073376723719": "ACE•Thanh⁰⁷",
                "100073443293451": "ACE•Thinhk5",
                "100073731173303": "ACE•Đức Mimi•2k8",
                "100073920283030": "ACE• Trường 16 cm",
                "100073974912642": "ACE•Thỏ của ebe Mín 🫣",
                "100073980645380": "ACE•Vymer",
                "100074049707716": "ACE•QIPU206",
                "100074074260320": "T.TùnG -05-",
                "100074351891207": "ACE• Jin k8",
                "100074457727983": "ACE•Nghĩa07",
                "100074509068084": "ACE•Nhung 99",
                "100074577291993": "ACE• thầy tân k8",
                "100074824181351": "ACE. Rin k 3",
                "100074899224238": "ACE•tquan2009",
                "100074960960937": "ACE • Long 04",
                "100075295711347": "ACE • MD ⁰⁸",
                "100075303608288": "ACE•Vi🍀",
                "100075391479976": "ACE • Hoe09",
                "100075463406448": "Phó boss ACE•Nghi Uchiha k5",
                "100075558009384": "ACE•Hào 2k7",
                "100075680267825": "ACE• Nam5G k9",
                "100075763173454": "ACE• D.Jin kar4",
                "100075771832685": "ACE•Lộc 2k6",
                "100075858834786": "ACE•Anh2k7",
                "100075900311325": "ACE• off roi đung tim 🍓",
                "100075930624720": "ACE• long k5",
                "100075965900226": "ACE•⁀ᶦᵈᵒᶫκιʀιтoミ★",
                "100076582342950": "ACE•Huy04",
                "100076915721659": "ACE• Hoàng LongK3",
                "100077113616639": "ACE•Trọng k7🙉",
                "100077237222398": "ACE•Bảo2k3",
                "100077245812382": "ACE• Vân k9",
                "100077361201768": "ACE.hà k5",
                "100077565295288": "ACE_Duy~2k8",
                "100077805595950": "ACE• Thái 07",
                "100078248721287": "ACE•NgocLan07😊😊",
                "100078318165767": "ACE•Sáng 2k9 🫠",
                "100078439959839": "ACE•Khắn 2 mưi",
                "100078988856786": "ACE• Tiến2005",
                "100079095927313": "ACE•shin 02",
                "100079119167701": "ACE• 𝓟𝓱𝓸́ 𝓫𝓸𝓼𝓼🐰",
                "100079173776800": "ACE• QUANG 2k8 (loss)",
                "100079222026532": "ACE●Mạnh Tới k8",
                "100079250711409": "ACE•Điềm*k8",
                "100079339675014": "ACE• Doanh.01",
                "100079339934125": "ACE Nhii",
                "100079446862255": "ACE•HOÀNG03",
                "100079559990931": "ACE•Tuyền06😺",
                "100079571298840": "ACE-chán đời 2k7,6",
                "100079854840009": "ACE•my 2o4+4🐛🐛🐛",
                "100080044143746": "ACE●𝓜𝓪𝓸²⁰⁰⁷🥰",
                "100080054272941": "ACE• muối i ốt 09",
                "100080120318701": "ACE . Thắng sói .14 quảng ninh k4",
                "100080297775454": "ACE • hêh",
                "100080304077521": "ACE>£€SABO.2003",
                "100080416280947": "ACE•Lam Vong Cơ k5",
                "100080416845800": "ACE•Anhk6",
                "100080432658900": "ACE• Diện 96",
                "100080572987859": "ACE•Raz Sư Cô k1",
                "100080749876076": "ACE•Manh2008",
                "100080951742930": "ACE. Thánh bú win ( 18 xuân )",
                "100081013140853": "ACE•văn thắng 94",
                "100081039473269": "ACE• Ngân k8",
                "100081068215650": "ACE• ๛Phong Xeniel 2000",
                "100081073486303": "ACE• Thành k4 anti ai hay xúi dại Lynh bl tôi:)",
                "100081114191269": "ACE•Quỳnh 98",
                "100081510031014": "ACE•hlyy⁰⁸🌷🐰",
                "100081592152641": "ACE• Luân k9",
                "100081623920808": "ACE•Chanh 2k5",
                "100081826013494": "ACE•Ⴍιᶫᵉᶢᵉⁿᵈ ²¹⁰",
                "100081863216394": "B.Tâm⁰³",
                "100081924832738": "ACE• Khánh 2k7",
                "100082117510134": "ACE• Zyu 🫶🏻",
                "100082194976810": "ACE•Hà 2k11",
                "100082272331215": "ACE•Masa2k7",
                "100082331956375": "ACE• kem 07💗✨",
                "100082388994588": "ACE • Bảnh 90 😆",
                "100082409996349": "ACE•Nghĩa 208",
                "100082900188237": "ACE• Tuấn 2005",
                "100083021589223": "ACE• Khánhk7",
                "100083173884079": "ACE• Ánh k2",
                "100083221120907": "ACE• Báo k3",
                "100083275248561": "ACE• q.anh Uchiha k8",
                "100083326763382": "ACE•phờ|lát lại bánh 10",
                "100083340975128": "ACE• NgocNhu 205",
                "100083472219870": "ACE• Kan_chi 07 🐼",
                "100083644343727": "ACE• Tâm Yena👉🤫👈",
                "100083935101232": "QTV_ACE• Mận 🙂🙃 2k2 ( off mãi mãi )",
                "100083984223493": "ACE• Laxus Dreyar+_- k6",
                "100084000983540": "QTV ACE•Bờ Trâm 2k🥝",
                "100084080487312": "ACE•baoanhk3",
                "100084100385407": "ACE• luân_k6🥹(off)",
                "100084459265613": "ACE•Hùng 2k4",
                "100084494776139": "ACE• Cam 2k4",
                "100084941397068": "ACE• Mii 04",
                "100085027819714": "ACE• Carrot | uraaa 🐰96",
                "100085127460136": "ACE • Ngọc k8",
                "100085232097604": "ACE• ꧁༺𝙌𝙪ố𝙘𝙖𝙣𝙮༻꧂2k5",
                "100085233401933": "ACE. Hổ 98",
                "100085283047578": "ACE• Nora xin off98",
                "100085437770243": "ACE•MGT-K2",
                "100085447947108": "ACE • wəιjㅤ",
                "100085550972647": "ACE• Ngọc Minh k3",
                "100085639696548": "ACE• huy2k7",
                "100085815408696": "ACE• KIRITO Tú k7",
                "100085889406919": "ACE•Chơi gà nhưng thích ks:)09",
                "100085892093179": "ACE• MEOW K3",
                "100085927161695": "ACE•SGTngeik1359(2k6)I AM HUYỄN LONG 😌😌😌😌😌",
                "100086011238235": "ACE•khoa2k5",
                "100086110299955": "ACE•Kiẹt k5🐥",
                "100086136294031": "ACE•d.manh205",
                "100086208279755": "ACE•Trung 02",
                "100086343435693": "ACE•Bảo 04",
                "100086349974283": "ACE•Trần Nhungk6",
                "100086387951510": "ACE•Đại k4",
                "100086423695223": "meimei:)",
                "100086459771908": "ACE.MINH HẢI",
                "100086732041234": "ACE•Bo 2k9",
                "100086765872400": "ACE•Lộc08",
                "100086941075197": "ACE quânk3",
                "100087037567807": "ACE•LONG 8,7 NGÓN",
                "100087101372451": "ACE•Khang2k5",
                "100087202603593": "ACE•♘Beaches♤",
                "100087245013518": "ACE●Hiếu 2006",
                "100087298878765": "ACE•Bé Nakroth 1998",
                "100087678638622": "ACE.lụak10",
                "100087812224044": "ACE • Nguyễn k4",
                "100087941087535": "tuyên quang 2k1 💕",
                "100088076352563": "ACE•08",
                "100088207575306": "ACE • Nhựt 08",
                "100088248690856": "ACE•Lyn ume bright²⁰⁹",
                "100088263987020": "ACE•Tяєє:3 k10👉👈",
                "100088302799381": "ACE✪Bé Đen Cute 01❤",
                "100088450405518": "ACE•Kây•2009",
                "100088663064228": "ACE• Thànhk8",
                "100088712613210": "ACE•Mặt Trăng 2k2",
                "100088851920004": "ACE.  uchihaTrang  07",
                "100088992708958": "ACE•Thóc 211",
                "100089032992823": "ACE •Hiếu Công Tử2k",
                "100089051246697": "ACE• Q.Kiệt 2k",
                "100089071332692": "ACE• Xoài 🥭10 🦔",
                "100089082562531": "ACE•trần như k8",
                "100089095773352": "ACE•Vanh siu depchai207",
                "100089304231667": "ACE• Tâm Báto k7🤣🤣",
                "100089460891800": "ACE• Ngọc",
                "100089551712262": "ACE• нσàиɢχιиℓỗι03",
                "100089655250449": "ACE•tdat 04",
                "100089667971677": "ACE•Ko có tên",
                "100089747480396": "ACE • Hoag_mie🍀 07",
                "100089752964812": "ACE.. thanh thanh k4💝",
                "100089813648845": "ACE•Quang k8",
                "100089978541201": "ACE• Thỏ o6",
                "100090104509477": "ACE•TTĐ❄️k5",
                "100090402096506": "ACE•Lyn🐳⁷",
                "100090623156443": "ACE•HeooLìii 03",
                "100090846992992": "ACE• Tuyểnflỏ 2k8",
                "100090891906022": "ACE• Minh Jay Jo • k8",
                "100092177718950": "ACE• Lynh k9",
                "100092254224033": "ACE•   °☆LuxღAna☆° 2007",
                "100092322368636": "ACE•nhk9",
                "100092468932770": "ACE•taometmoivoithegioinaylamroi _06",
                "100092562171702": "ACE•Bông 03🍀",
                "100093099736600": "ACE• Mer đẹp trai 08",
                "100093184871547": "ACE• Chip Chip 2008",
                "100093308837146": "ACE • Phú Bùi da đen 2008",
                "100093652361610": "ACE° trường 92",
                "100093689816991": "ACE• Hbangg 09",
                "100093832141155": "ACE●𝓜𝓪𝓸²⁰⁰⁷🥰🥰",
                "100094166124861": "ACE•Đạt 08",
                "100094535931511": "ACE•Ngọc 2k10",
                "100094629826721": "[ ! ] • 𝐙𝐮𝐫𝐢🧸",
                "100095126104119": "ACE• Linh k8",
                "100095231512018": "ACE• Teo A nas 🥰 2k9",
                "61550229590869": "ACE• Txaan k08",
                "61550616981053": "ACE•duck9",
                "61550903723364": "ACE•_208.KinHoˇ☻Ϟ",
                "61551727798090": "ACE•Phúc 1k990 k9",
                "61552183165215": "ACE•Thư♡⁰⁰⁷😻",
                "61552233321304": "ACE•sơn k8 🤔🤔",
                "61552574541200": "[ + ] • 𝐙𝐮𝐫𝐢🧸",
                "61554181565423": "ACE• ngọc lan 2k",
                "61554522400674": "[ # ] botđẹpgái",
                "61555237994265": "『 # 』 ⪼ Nắngcute‼️💗",
                "61555404059899": "『   』 PARADOX BOT"
            }
        }
    ]
}