{
    "total": [
        {
            "id": "100084139591593",
            "count": 439
        },
        {
            "id": "100053925945741",
            "count": 98
        },
        {
            "id": "61553735620628",
            "count": 376
        },
        {
            "id": "100084225200116",
            "count": 289
        },
        {
            "id": "100031045484338",
            "count": 109
        },
        {
            "id": "100057069830214",
            "count": 480
        },
        {
            "id": "100092186701485",
            "count": 596
        },
        {
            "id": "100046194132744",
            "count": 388
        },
        {
            "id": "100089046351913",
            "count": 202
        },
        {
            "id": "100070073970001",
            "count": 89
        },
        {
            "id": "61552581191264",
            "count": 989
        },
        {
            "id": "61555474090898",
            "count": 31
        },
        {
            "id": "100091416169029",
            "count": 14
        },
        {
            "id": "100084634437216",
            "count": 1569
        },
        {
            "id": "100064106005769",
            "count": 7
        },
        {
            "id": "61553174282586",
            "count": 88
        },
        {
            "id": "100079964336763",
            "count": 77
        },
        {
            "id": "61556510393963",
            "count": 95
        },
        {
            "id": "61552274376213",
            "count": 5
        },
        {
            "id": "100033487943519",
            "count": 118
        },
        {
            "id": "563662494",
            "count": 355
        },
        {
            "id": "100031795337014",
            "count": 5
        },
        {
            "id": "100077569666053",
            "count": 440
        },
        {
            "id": "100026884802854",
            "count": 402
        },
        {
            "id": "100049391288477",
            "count": 176
        },
        {
            "id": "100086707233830",
            "count": 25
        },
        {
            "id": "100068513089850",
            "count": 44
        },
        {
            "id": "100092182410661",
            "count": 2710
        },
        {
            "id": "100072799404139",
            "count": 63
        },
        {
            "id": "100079872917483",
            "count": 32
        },
        {
            "id": "100038040332543",
            "count": 20
        },
        {
            "id": "100001837873386",
            "count": 0
        },
        {
            "id": "100073780816947",
            "count": 21
        },
        {
            "id": "100047965715411",
            "count": 214
        },
        {
            "id": "100092874462928",
            "count": 69
        },
        {
            "id": "61550575172660",
            "count": 439
        },
        {
            "id": "100090168070553",
            "count": 148
        },
        {
            "id": "100078807895537",
            "count": 110
        },
        {
            "id": "100007576445045",
            "count": 18
        },
        {
            "id": "100088549527886",
            "count": 789
        },
        {
            "id": "100083573881016",
            "count": 128
        },
        {
            "id": "100087998244879",
            "count": 170
        },
        {
            "id": "100049926450257",
            "count": 56
        },
        {
            "id": "100088700822628",
            "count": 35
        },
        {
            "id": "100079787082318",
            "count": 14
        },
        {
            "id": "61555751969665",
            "count": 59
        },
        {
            "id": "100081467928491",
            "count": 4
        },
        {
            "id": "5116462",
            "count": 8
        },
        {
            "id": "100084447446432",
            "count": 39
        },
        {
            "id": "100087749184645",
            "count": 25
        },
        {
            "id": "100093795675666",
            "count": 42
        },
        {
            "id": "100076249720993",
            "count": 0
        },
        {
            "id": "100044970106811",
            "count": 1
        },
        {
            "id": "100090358534432",
            "count": 3
        },
        {
            "id": "100045012651919",
            "count": 0
        },
        {
            "id": "100087866280886",
            "count": 2
        },
        {
            "id": "100076821686783",
            "count": 0
        },
        {
            "id": "100080763308672",
            "count": 0
        },
        {
            "id": "100078426687029",
            "count": 4
        },
        {
            "id": "100071164543331",
            "count": 0
        },
        {
            "id": "61555744590635",
            "count": 0
        },
        {
            "id": "61556212802669",
            "count": 0
        },
        {
            "id": "61552724340869",
            "count": 0
        },
        {
            "id": "100093921427472",
            "count": 0
        },
        {
            "id": "61555518106090",
            "count": 0
        },
        {
            "id": "100091744846773",
            "count": 2
        },
        {
            "id": "100094678065163",
            "count": 0
        },
        {
            "id": "61556333765665",
            "count": 0
        },
        {
            "id": "100082275993083",
            "count": 22
        },
        {
            "id": "100054647777328",
            "count": 0
        },
        {
            "id": "100018472753618",
            "count": 67
        },
        {
            "id": "100083244550129",
            "count": 74
        },
        {
            "id": "100042573709161",
            "count": 218
        },
        {
            "id": "100094598034901",
            "count": 1
        },
        {
            "id": "100074954762009",
            "count": 5
        },
        {
            "id": "100095607610774",
            "count": 11
        },
        {
            "id": "100092255196271",
            "count": 6
        },
        {
            "id": "61553410544532",
            "count": 95
        },
        {
            "id": "100091274452642",
            "count": 302
        },
        {
            "id": "100026764660438",
            "count": 9
        },
        {
            "id": "100086539790337",
            "count": 15
        },
        {
            "id": "61552045216097",
            "count": 45
        },
        {
            "id": "100092009466021",
            "count": 121
        },
        {
            "id": "100086048872399",
            "count": 0
        },
        {
            "id": "61555117731210",
            "count": 49
        },
        {
            "id": "100090544423513",
            "count": 28
        },
        {
            "id": "100083149664433",
            "count": 50
        },
        {
            "id": "100087611900948",
            "count": 312
        },
        {
            "id": "100049783956958",
            "count": 5
        },
        {
            "id": "61555015500093",
            "count": 0
        },
        {
            "id": "100086324504455",
            "count": 200
        },
        {
            "id": "100081976662444",
            "count": 54
        },
        {
            "id": "61551828762982",
            "count": 9
        }
    ],
    "week": [
        {
            "id": "100084139591593",
            "count": 2,
            "name": "Danny Quân"
        },
        {
            "id": "100053925945741",
            "count": 0,
            "name": "Nguyễn Thu Hường"
        },
        {
            "id": "61553735620628",
            "count": 0,
            "name": "Bebe Àa"
        },
        {
            "id": "100084225200116",
            "count": 0,
            "name": "Hiếu'x Lươn'x Lẹo'x"
        },
        {
            "id": "100031045484338",
            "count": 8,
            "name": "Kool Nghĩa"
        },
        {
            "id": "100057069830214",
            "count": 2,
            "name": "Chí Tâm"
        },
        {
            "id": "100092186701485",
            "count": 0,
            "name": "Vũ Huyềnn"
        },
        {
            "id": "100046194132744",
            "count": 0,
            "name": "Đặng Thị Hồng Hải"
        },
        {
            "id": "100089046351913",
            "count": 1,
            "name": "Khánh Duy"
        },
        {
            "id": "100070073970001",
            "count": 0,
            "name": "Trung Kiênn"
        },
        {
            "id": "61552581191264",
            "count": 15,
            "name": "Nghĩa Quang"
        },
        {
            "id": "61555474090898",
            "count": 4,
            "name": "Ng Hồngg Diễmm"
        },
        {
            "id": "100091416169029",
            "count": 1,
            "name": "Khánh Vy"
        },
        {
            "id": "100084634437216",
            "count": 10,
            "name": "Lam Nhi"
        },
        {
            "id": "100064106005769",
            "count": 0,
            "name": "Ng Hien Luong"
        },
        {
            "id": "61553174282586",
            "count": 0,
            "name": "Nguyễn Kiều Thư"
        },
        {
            "id": "100079964336763",
            "count": 22,
            "name": "Huyentrang Ng"
        },
        {
            "id": "61556510393963",
            "count": 2,
            "name": "Vũ Phương Thảo"
        },
        {
            "id": "61552274376213",
            "count": 0,
            "name": "Ng Trà My"
        },
        {
            "id": "100033487943519",
            "count": 0,
            "name": "Huyền My"
        },
        {
            "id": "563662494",
            "count": 9,
            "name": "Hoàng Long Vũ"
        },
        {
            "id": "100031795337014",
            "count": 0,
            "name": "Võ Công Vĩnh"
        },
        {
            "id": "100077569666053",
            "count": 2,
            "name": "Ng Thị Kthúy"
        },
        {
            "id": "100026884802854",
            "count": 9,
            "name": "Bảo Huy"
        },
        {
            "id": "100049391288477",
            "count": 0,
            "name": "An So Love"
        },
        {
            "id": "100086707233830",
            "count": 0,
            "name": "Haa Linh"
        },
        {
            "id": "100068513089850",
            "count": 0,
            "name": "Ngọc Huyền"
        },
        {
            "id": "100092182410661",
            "count": 121,
            "name": "Oa Nh"
        },
        {
            "id": "100072799404139",
            "count": 0,
            "name": "Ng Yenn"
        },
        {
            "id": "100079872917483",
            "count": 0,
            "name": "Ngọc Linh"
        },
        {
            "id": "100038040332543",
            "count": 12,
            "name": "Tứn Ddai"
        },
        {
            "id": "100001837873386",
            "count": 0,
            "name": "Trần Thị Kim Anh"
        },
        {
            "id": "100073780816947",
            "count": 2,
            "name": "Phạm Hiệu"
        },
        {
            "id": "100047965715411",
            "count": 0,
            "name": "Quốc Bảo Nguyễn"
        },
        {
            "id": "100092874462928",
            "count": 0,
            "name": "Nguyễn Ngoc Anh"
        },
        {
            "id": "61550575172660",
            "count": 0,
            "name": "Tuan Anh"
        },
        {
            "id": "100090168070553",
            "count": 1,
            "name": "Tii Enn Tii"
        },
        {
            "id": "100078807895537",
            "count": 0,
            "name": "Bui Yen Nhii"
        },
        {
            "id": "100007576445045",
            "count": 0,
            "name": "Nguyễn Huɣ"
        },
        {
            "id": "100088549527886",
            "count": 1,
            "name": "Lâm NQ"
        },
        {
            "id": "100083573881016",
            "count": 1,
            "name": "Tú Phan"
        },
        {
            "id": "100087998244879",
            "count": 0,
            "name": "Thiên My"
        },
        {
            "id": "100049926450257",
            "count": 0,
            "name": "Thiên Vương"
        },
        {
            "id": "100088700822628",
            "count": 0,
            "name": "N.Thị Hồng Ngọc"
        },
        {
            "id": "100079787082318",
            "count": 0,
            "name": "Lai Mỹ Uyên"
        },
        {
            "id": "61555751969665",
            "count": 0,
            "name": "Nguyễn Ngọc Thúy"
        },
        {
            "id": "100081467928491",
            "count": 0,
            "name": "Thuyy Linhh"
        },
        {
            "id": "5116462",
            "count": 1,
            "name": "Cao Minh"
        },
        {
            "id": "100084447446432",
            "count": 1,
            "name": "Thuỳ Dung"
        },
        {
            "id": "100087749184645",
            "count": 2,
            "name": "Thúyy'z Ngaa'z"
        },
        {
            "id": "100093795675666",
            "count": 0,
            "name": "Phan Quốc Huy"
        },
        {
            "id": "100076249720993",
            "count": 0,
            "name": "Người dùng facebook"
        },
        {
            "id": "100044970106811",
            "count": 0,
            "name": "Sợngàymaiemđimất Chỉcònthânxácxơanh Giậtmìnhtrongcơnngủsay"
        },
        {
            "id": "100090358534432",
            "count": 1,
            "name": "Quynhh Nhuu"
        },
        {
            "id": "100045012651919",
            "count": 0,
            "name": "Người dùng facebook"
        },
        {
            "id": "100087866280886",
            "count": 0,
            "name": "Khánh Phạm"
        },
        {
            "id": "100076821686783",
            "count": 0,
            "name": "Trung Khánh"
        },
        {
            "id": "100080763308672",
            "count": 0,
            "name": "ʚVuthi Tramyɞ"
        },
        {
            "id": "100078426687029",
            "count": 0,
            "name": "Công Ank"
        },
        {
            "id": "100071164543331",
            "count": 0,
            "name": "Vuthi Tramy"
        },
        {
            "id": "61555744590635",
            "count": 0,
            "name": "Người dùng facebook"
        },
        {
            "id": "61556212802669",
            "count": 0,
            "name": "Người dùng facebook"
        },
        {
            "id": "61552724340869",
            "count": 0,
            "name": "Minhh Tuann"
        },
        {
            "id": "100093921427472",
            "count": 0,
            "name": "Người dùng facebook"
        },
        {
            "id": "61555518106090",
            "count": 0,
            "name": "Người dùng facebook"
        },
        {
            "id": "100091744846773",
            "count": 0,
            "name": "Chipp Emm"
        },
        {
            "id": "100094678065163",
            "count": 0,
            "name": "Người dùng facebook"
        },
        {
            "id": "61556333765665",
            "count": 0,
            "name": "Người dùng facebook"
        },
        {
            "id": "100082275993083",
            "count": 0,
            "name": "Anhh Lann"
        },
        {
            "id": "100054647777328",
            "count": 0,
            "name": "Người dùng facebook"
        },
        {
            "id": "100018472753618",
            "count": 2,
            "name": "Ngo Thanhtrung"
        },
        {
            "id": "100083244550129",
            "count": 0,
            "name": "Thuỳ Trang"
        },
        {
            "id": "100042573709161",
            "count": 0,
            "name": "Ngọc Ánh"
        },
        {
            "id": "100094598034901",
            "count": 0,
            "name": "Nguyễn Nguyệt"
        },
        {
            "id": "100074954762009",
            "count": 0,
            "name": "Bé Suyy Vì Emm"
        },
        {
            "id": "100095607610774",
            "count": 0,
            "name": "Quynhh Nhuu"
        },
        {
            "id": "100092255196271",
            "count": 0,
            "name": "Lócc Cte"
        },
        {
            "id": "61553410544532",
            "count": 0,
            "name": "Ng Thu"
        },
        {
            "id": "100091274452642",
            "count": 11,
            "name": "Minh Châu"
        },
        {
            "id": "100026764660438",
            "count": 0,
            "name": "Gia Quí"
        },
        {
            "id": "100086539790337",
            "count": 0,
            "name": "Trần Khôi"
        },
        {
            "id": "61552045216097",
            "count": 0,
            "name": "Kiều Linh"
        },
        {
            "id": "100092009466021",
            "count": 0,
            "name": "Namm Saddboyy"
        },
        {
            "id": "100086048872399",
            "count": 0,
            "name": "Người dùng facebook"
        },
        {
            "id": "61555117731210",
            "count": 2,
            "name": "Nguyễn Vĩ Kiệt"
        },
        {
            "id": "100090544423513",
            "count": 0,
            "name": "Nguyễn Ngoc Anh"
        },
        {
            "id": "100083149664433",
            "count": 1,
            "name": "Đoàn Bảo Hân"
        },
        {
            "id": "100087611900948",
            "count": 45,
            "name": "Nq Hoànq Khánh Lynh"
        },
        {
            "id": "100049783956958",
            "count": 0,
            "name": "Leo Doan"
        },
        {
            "id": "61555015500093",
            "count": 0,
            "name": "Người dùng facebook"
        },
        {
            "id": "100086324504455",
            "count": 9,
            "name": "Nhật Cánh Cụt"
        },
        {
            "id": "100081976662444",
            "count": 0,
            "name": "Hoàng Gấm"
        },
        {
            "id": "61551828762982",
            "count": 9
        }
    ],
    "day": [
        {
            "id": "100084139591593",
            "count": 0,
            "name": "Người dùng facebook"
        },
        {
            "id": "100053925945741",
            "count": 0,
            "name": "Người dùng facebook"
        },
        {
            "id": "61553735620628",
            "count": 0,
            "name": "Người dùng facebook"
        },
        {
            "id": "100084225200116",
            "count": 0,
            "name": "Người dùng facebook"
        },
        {
            "id": "100031045484338",
            "count": 0,
            "name": "Người dùng facebook"
        },
        {
            "id": "100057069830214",
            "count": 0,
            "name": "Người dùng facebook"
        },
        {
            "id": "100092186701485",
            "count": 0,
            "name": "Người dùng facebook"
        },
        {
            "id": "100046194132744",
            "count": 0,
            "name": "Người dùng facebook"
        },
        {
            "id": "100089046351913",
            "count": 0,
            "name": "Người dùng facebook"
        },
        {
            "id": "100070073970001",
            "count": 0,
            "name": "Người dùng facebook"
        },
        {
            "id": "61552581191264",
            "count": 0,
            "name": "Người dùng facebook"
        },
        {
            "id": "61555474090898",
            "count": 0,
            "name": "Người dùng facebook"
        },
        {
            "id": "100091416169029",
            "count": 0,
            "name": "Người dùng facebook"
        },
        {
            "id": "100084634437216",
            "count": 0,
            "name": "Người dùng facebook"
        },
        {
            "id": "100064106005769",
            "count": 0,
            "name": "Người dùng facebook"
        },
        {
            "id": "61553174282586",
            "count": 0,
            "name": "Người dùng facebook"
        },
        {
            "id": "100079964336763",
            "count": 0,
            "name": "Người dùng facebook"
        },
        {
            "id": "61556510393963",
            "count": 0,
            "name": "Người dùng facebook"
        },
        {
            "id": "61552274376213",
            "count": 0,
            "name": "Người dùng facebook"
        },
        {
            "id": "100033487943519",
            "count": 0,
            "name": "Người dùng facebook"
        },
        {
            "id": "563662494",
            "count": 0,
            "name": "Người dùng facebook"
        },
        {
            "id": "100031795337014",
            "count": 0,
            "name": "Người dùng facebook"
        },
        {
            "id": "100077569666053",
            "count": 0,
            "name": "Người dùng facebook"
        },
        {
            "id": "100026884802854",
            "count": 0,
            "name": "Người dùng facebook"
        },
        {
            "id": "100049391288477",
            "count": 0,
            "name": "Người dùng facebook"
        },
        {
            "id": "100086707233830",
            "count": 0,
            "name": "Người dùng facebook"
        },
        {
            "id": "100068513089850",
            "count": 0,
            "name": "Người dùng facebook"
        },
        {
            "id": "100092182410661",
            "count": 0,
            "name": "Người dùng facebook"
        },
        {
            "id": "100072799404139",
            "count": 0,
            "name": "Người dùng facebook"
        },
        {
            "id": "100079872917483",
            "count": 0,
            "name": "Người dùng facebook"
        },
        {
            "id": "100038040332543",
            "count": 0,
            "name": "Người dùng facebook"
        },
        {
            "id": "100001837873386",
            "count": 0,
            "name": "Trần Thị Kim Anh"
        },
        {
            "id": "100073780816947",
            "count": 0,
            "name": "Người dùng facebook"
        },
        {
            "id": "100047965715411",
            "count": 0,
            "name": "Người dùng facebook"
        },
        {
            "id": "100092874462928",
            "count": 0,
            "name": "Người dùng facebook"
        },
        {
            "id": "61550575172660",
            "count": 0,
            "name": "Người dùng facebook"
        },
        {
            "id": "100090168070553",
            "count": 0,
            "name": "Người dùng facebook"
        },
        {
            "id": "100078807895537",
            "count": 0,
            "name": "Người dùng facebook"
        },
        {
            "id": "100007576445045",
            "count": 0,
            "name": "Người dùng facebook"
        },
        {
            "id": "100088549527886",
            "count": 0,
            "name": "Người dùng facebook"
        },
        {
            "id": "100083573881016",
            "count": 0,
            "name": "Người dùng facebook"
        },
        {
            "id": "100087998244879",
            "count": 0,
            "name": "Người dùng facebook"
        },
        {
            "id": "100049926450257",
            "count": 0,
            "name": "Người dùng facebook"
        },
        {
            "id": "100088700822628",
            "count": 0,
            "name": "Người dùng facebook"
        },
        {
            "id": "100079787082318",
            "count": 0,
            "name": "Người dùng facebook"
        },
        {
            "id": "61555751969665",
            "count": 0,
            "name": "Người dùng facebook"
        },
        {
            "id": "100081467928491",
            "count": 0,
            "name": "Người dùng facebook"
        },
        {
            "id": "5116462",
            "count": 0,
            "name": "Người dùng facebook"
        },
        {
            "id": "100084447446432",
            "count": 0,
            "name": "Người dùng facebook"
        },
        {
            "id": "100087749184645",
            "count": 0,
            "name": "Người dùng facebook"
        },
        {
            "id": "100093795675666",
            "count": 0,
            "name": "Người dùng facebook"
        },
        {
            "id": "100076249720993",
            "count": 0,
            "name": "Người dùng facebook"
        },
        {
            "id": "100044970106811",
            "count": 0,
            "name": "Người dùng facebook"
        },
        {
            "id": "100090358534432",
            "count": 0,
            "name": "Người dùng facebook"
        },
        {
            "id": "100045012651919",
            "count": 0,
            "name": "Người dùng facebook"
        },
        {
            "id": "100087866280886",
            "count": 0,
            "name": "Người dùng facebook"
        },
        {
            "id": "100076821686783",
            "count": 0,
            "name": "Người dùng facebook"
        },
        {
            "id": "100080763308672",
            "count": 0,
            "name": "Người dùng facebook"
        },
        {
            "id": "100078426687029",
            "count": 0,
            "name": "Người dùng facebook"
        },
        {
            "id": "100071164543331",
            "count": 0,
            "name": "Người dùng facebook"
        },
        {
            "id": "61555744590635",
            "count": 0,
            "name": "Người dùng facebook"
        },
        {
            "id": "61556212802669",
            "count": 0,
            "name": "Người dùng facebook"
        },
        {
            "id": "61552724340869",
            "count": 0,
            "name": "Người dùng facebook"
        },
        {
            "id": "100093921427472",
            "count": 0,
            "name": "Người dùng facebook"
        },
        {
            "id": "61555518106090",
            "count": 0,
            "name": "Người dùng facebook"
        },
        {
            "id": "100091744846773",
            "count": 0,
            "name": "Người dùng facebook"
        },
        {
            "id": "100094678065163",
            "count": 0,
            "name": "Người dùng facebook"
        },
        {
            "id": "61556333765665",
            "count": 0,
            "name": "Người dùng facebook"
        },
        {
            "id": "100082275993083",
            "count": 0,
            "name": "Người dùng facebook"
        },
        {
            "id": "100054647777328",
            "count": 0,
            "name": "Người dùng facebook"
        },
        {
            "id": "100018472753618",
            "count": 0,
            "name": "Người dùng facebook"
        },
        {
            "id": "100083244550129",
            "count": 0,
            "name": "Người dùng facebook"
        },
        {
            "id": "100042573709161",
            "count": 0,
            "name": "Người dùng facebook"
        },
        {
            "id": "100094598034901",
            "count": 0,
            "name": "Người dùng facebook"
        },
        {
            "id": "100074954762009",
            "count": 0,
            "name": "Người dùng facebook"
        },
        {
            "id": "100095607610774",
            "count": 0,
            "name": "Người dùng facebook"
        },
        {
            "id": "100092255196271",
            "count": 0,
            "name": "Người dùng facebook"
        },
        {
            "id": "61553410544532",
            "count": 0,
            "name": "Người dùng facebook"
        },
        {
            "id": "100091274452642",
            "count": 0,
            "name": "Người dùng facebook"
        },
        {
            "id": "100026764660438",
            "count": 0,
            "name": "Người dùng facebook"
        },
        {
            "id": "100086539790337",
            "count": 0,
            "name": "Người dùng facebook"
        },
        {
            "id": "61552045216097",
            "count": 0,
            "name": "Người dùng facebook"
        },
        {
            "id": "100092009466021",
            "count": 0,
            "name": "Người dùng facebook"
        },
        {
            "id": "100086048872399",
            "count": 0,
            "name": "Người dùng facebook"
        },
        {
            "id": "61555117731210",
            "count": 0,
            "name": "Người dùng facebook"
        },
        {
            "id": "100090544423513",
            "count": 0,
            "name": "Người dùng facebook"
        },
        {
            "id": "100083149664433",
            "count": 0,
            "name": "Người dùng facebook"
        },
        {
            "id": "100087611900948",
            "count": 0,
            "name": "Người dùng facebook"
        },
        {
            "id": "100049783956958",
            "count": 0,
            "name": "Người dùng facebook"
        },
        {
            "id": "61555015500093",
            "count": 0,
            "name": "Người dùng facebook"
        },
        {
            "id": "100086324504455",
            "count": 0,
            "name": "Người dùng facebook"
        },
        {
            "id": "100081976662444",
            "count": 0,
            "name": "Người dùng facebook"
        },
        {
            "id": "61551828762982",
            "count": 0,
            "name": "Người dùng facebook"
        }
    ],
    "time": 6,
    "last": {
        "time": 4,
        "day": [
            {
                "id": "100084139591593",
                "count": 0
            },
            {
                "id": "100053925945741",
                "count": 0
            },
            {
                "id": "61553735620628",
                "count": 0
            },
            {
                "id": "100075182751050",
                "count": 0
            },
            {
                "id": "100089240496791",
                "count": 0
            },
            {
                "id": "100045136599940",
                "count": 0
            },
            {
                "id": "100084225200116",
                "count": 0
            },
            {
                "id": "100033434110233",
                "count": 0
            },
            {
                "id": "100076139161062",
                "count": 0
            },
            {
                "id": "100086146481305",
                "count": 0
            },
            {
                "id": "100083108615956",
                "count": 0
            },
            {
                "id": "100076473907029",
                "count": 0
            },
            {
                "id": "100080380245513",
                "count": 0
            },
            {
                "id": "61553746473994",
                "count": 0
            },
            {
                "id": "61554942840114",
                "count": 0
            },
            {
                "id": "61551403194184",
                "count": 0
            },
            {
                "id": "100073416327916",
                "count": 0
            },
            {
                "id": "100094693936231",
                "count": 0
            },
            {
                "id": "100084169880896",
                "count": 0
            },
            {
                "id": "61552340772491",
                "count": 0
            },
            {
                "id": "100080631662688",
                "count": 0
            },
            {
                "id": "100082162204213",
                "count": 0
            },
            {
                "id": "61550204060620",
                "count": 0
            },
            {
                "id": "100080809933624",
                "count": 0
            },
            {
                "id": "100078857936690",
                "count": 0
            },
            {
                "id": "100090886460304",
                "count": 0
            },
            {
                "id": "100070056123477",
                "count": 0
            },
            {
                "id": "100057913603969",
                "count": 0
            },
            {
                "id": "100065548714467",
                "count": 0
            },
            {
                "id": "61553746040977",
                "count": 0
            },
            {
                "id": "100057607140256",
                "count": 0
            },
            {
                "id": "100035315954014",
                "count": 0
            },
            {
                "id": "61553653105621",
                "count": 0
            },
            {
                "id": "61555202187570",
                "count": 0
            },
            {
                "id": "100071622185411",
                "count": 0
            },
            {
                "id": "61554375433723",
                "count": 0
            },
            {
                "id": "61550592196238",
                "count": 0
            },
            {
                "id": "100079175143932",
                "count": 0
            },
            {
                "id": "100049707877978",
                "count": 0
            },
            {
                "id": "61554570060718",
                "count": 0
            },
            {
                "id": "100052372064659",
                "count": 0
            },
            {
                "id": "100031045484338",
                "count": 0
            },
            {
                "id": "100057069830214",
                "count": 0
            },
            {
                "id": "100065369810717",
                "count": 0
            },
            {
                "id": "100049580619615",
                "count": 0
            },
            {
                "id": "100084197018175",
                "count": 0
            },
            {
                "id": "61551543051159",
                "count": 0
            },
            {
                "id": "61551051887870",
                "count": 0
            },
            {
                "id": "61555336677830",
                "count": 0
            },
            {
                "id": "100071614969947",
                "count": 0
            },
            {
                "id": "100065381078044",
                "count": 0
            },
            {
                "id": "100083687833762",
                "count": 0
            },
            {
                "id": "100057574395902",
                "count": 0
            },
            {
                "id": "100035734683529",
                "count": 0
            },
            {
                "id": "61555848011662",
                "count": 0
            },
            {
                "id": "100092186701485",
                "count": 0
            },
            {
                "id": "100046194132744",
                "count": 0
            },
            {
                "id": "61553410544532",
                "count": 0
            },
            {
                "id": "100033910832412",
                "count": 0
            },
            {
                "id": "61555868233616",
                "count": 0
            },
            {
                "id": "100092009466021",
                "count": 0
            },
            {
                "id": "100082964850907",
                "count": 0
            },
            {
                "id": "100089046351913",
                "count": 0
            },
            {
                "id": "100094474382360",
                "count": 0
            },
            {
                "id": "100070073970001",
                "count": 0
            },
            {
                "id": "61552581191264",
                "count": 0
            },
            {
                "id": "100057984126153",
                "count": 0
            },
            {
                "id": "61555474090898",
                "count": 0
            },
            {
                "id": "100092223456659",
                "count": 0
            },
            {
                "id": "100090827371442",
                "count": 0
            },
            {
                "id": "100091416169029",
                "count": 0
            },
            {
                "id": "61552543624617",
                "count": 0
            },
            {
                "id": "100084634437216",
                "count": 0
            },
            {
                "id": "61554282943508",
                "count": 0
            },
            {
                "id": "100030924531994",
                "count": 0
            },
            {
                "id": "100083307963503",
                "count": 0
            },
            {
                "id": "100064106005769",
                "count": 0
            },
            {
                "id": "100071817770196",
                "count": 0
            },
            {
                "id": "100091416973580",
                "count": 0
            },
            {
                "id": "100090576267319",
                "count": 0
            },
            {
                "id": "61551171204272",
                "count": 0
            },
            {
                "id": "61553356141805",
                "count": 0
            },
            {
                "id": "100078807895537",
                "count": 0
            },
            {
                "id": "61550251945197",
                "count": 0
            },
            {
                "id": "100089634132462",
                "count": 0
            },
            {
                "id": "100068856377308",
                "count": 0
            },
            {
                "id": "61553174282586",
                "count": 0
            },
            {
                "id": "100075834897255",
                "count": 0
            },
            {
                "id": "61551100059745",
                "count": 0
            },
            {
                "id": "100079964336763",
                "count": 0
            },
            {
                "id": "100081569784059",
                "count": 0
            },
            {
                "id": "61556510393963",
                "count": 0
            },
            {
                "id": "100026475863637",
                "count": 0
            },
            {
                "id": "100048624288317",
                "count": 0
            },
            {
                "id": "100081383423691",
                "count": 0
            },
            {
                "id": "61552274376213",
                "count": 0
            },
            {
                "id": "100082282552650",
                "count": 0
            },
            {
                "id": "61550246544202",
                "count": 0
            },
            {
                "id": "61554953305445",
                "count": 0
            },
            {
                "id": "100082343972364",
                "count": 0
            },
            {
                "id": "100083505027654",
                "count": 0
            },
            {
                "id": "100055166735764",
                "count": 0
            },
            {
                "id": "100093063722312",
                "count": 0
            },
            {
                "id": "100093383898557",
                "count": 0
            },
            {
                "id": "100074188281737",
                "count": 0
            },
            {
                "id": "100066573454303",
                "count": 0
            },
            {
                "id": "100093850773993",
                "count": 0
            },
            {
                "id": "100056655464644",
                "count": 0
            },
            {
                "id": "100081824610738",
                "count": 0
            },
            {
                "id": "100080251561962",
                "count": 0
            },
            {
                "id": "61555990246520",
                "count": 0
            },
            {
                "id": "100088452810089",
                "count": 0
            },
            {
                "id": "61551711662362",
                "count": 0
            },
            {
                "id": "61553012776681",
                "count": 0
            },
            {
                "id": "100068210994493",
                "count": 0
            },
            {
                "id": "100090825255053",
                "count": 0
            },
            {
                "id": "61552760996093",
                "count": 0
            },
            {
                "id": "61553149910253",
                "count": 0
            },
            {
                "id": "61556014989394",
                "count": 0
            },
            {
                "id": "100093577333865",
                "count": 0
            },
            {
                "id": "100083048404726",
                "count": 0
            },
            {
                "id": "100086828508320",
                "count": 0
            },
            {
                "id": "100033487943519",
                "count": 0
            },
            {
                "id": "61555262446339",
                "count": 0
            },
            {
                "id": "100080420257591",
                "count": 0
            },
            {
                "id": "100092259736733",
                "count": 0
            },
            {
                "id": "100075015729301",
                "count": 0
            },
            {
                "id": "100028339671188",
                "count": 0
            },
            {
                "id": "61551131917706",
                "count": 0
            },
            {
                "id": "61550644254979",
                "count": 0
            },
            {
                "id": "61552231354541",
                "count": 0
            },
            {
                "id": "100079671920196",
                "count": 0
            },
            {
                "id": "61555713304751",
                "count": 0
            },
            {
                "id": "100078295303587",
                "count": 0
            },
            {
                "id": "100095409041612",
                "count": 0
            },
            {
                "id": "100086355244205",
                "count": 0
            },
            {
                "id": "100093703231491",
                "count": 0
            },
            {
                "id": "100073982943548",
                "count": 0
            },
            {
                "id": "563662494",
                "count": 0
            },
            {
                "id": "100065648044202",
                "count": 0
            },
            {
                "id": "100009193419033",
                "count": 0
            },
            {
                "id": "61550791821441",
                "count": 0
            },
            {
                "id": "61556239953521",
                "count": 0
            },
            {
                "id": "100082070770678",
                "count": 0
            },
            {
                "id": "100095166548153",
                "count": 0
            },
            {
                "id": "100062601660841",
                "count": 0
            },
            {
                "id": "61552989596950",
                "count": 0
            },
            {
                "id": "100065332141902",
                "count": 0
            },
            {
                "id": "61551256011042",
                "count": 0
            },
            {
                "id": "100093251268044",
                "count": 0
            },
            {
                "id": "61552467005681",
                "count": 0
            },
            {
                "id": "100015682355240",
                "count": 0
            },
            {
                "id": "61553826085762",
                "count": 0
            },
            {
                "id": "100031795337014",
                "count": 0
            },
            {
                "id": "100094759426053",
                "count": 0
            },
            {
                "id": "100077569666053",
                "count": 0
            },
            {
                "id": "100079529107253",
                "count": 0
            },
            {
                "id": "100026884802854",
                "count": 0
            },
            {
                "id": "100059630210670",
                "count": 0
            },
            {
                "id": "100049391288477",
                "count": 0
            },
            {
                "id": "100086707233830",
                "count": 0
            },
            {
                "id": "100087203796172",
                "count": 0
            },
            {
                "id": "100038193371405",
                "count": 0
            },
            {
                "id": "100074544454378",
                "count": 0
            },
            {
                "id": "61551021446799",
                "count": 0
            },
            {
                "id": "100077437853911",
                "count": 0
            },
            {
                "id": "100088884859669",
                "count": 0
            },
            {
                "id": "100087611900948",
                "count": 0
            },
            {
                "id": "100030646500586",
                "count": 0
            },
            {
                "id": "100041489179715",
                "count": 0
            },
            {
                "id": "100078517487330",
                "count": 0
            },
            {
                "id": "100080952473751",
                "count": 0
            },
            {
                "id": "61553362055822",
                "count": 0
            },
            {
                "id": "100084604749945",
                "count": 0
            },
            {
                "id": "100068513089850",
                "count": 0
            },
            {
                "id": "61553896462676",
                "count": 0
            },
            {
                "id": "100074765460491",
                "count": 0
            },
            {
                "id": "100066377689018",
                "count": 0
            },
            {
                "id": "100089664025554",
                "count": 0
            },
            {
                "id": "100092182410661",
                "count": 0
            },
            {
                "id": "100072799404139",
                "count": 0
            },
            {
                "id": "61555932010193",
                "count": 0
            },
            {
                "id": "61550325277830",
                "count": 0
            },
            {
                "id": "100040182870720",
                "count": 0
            },
            {
                "id": "509484270",
                "count": 0
            },
            {
                "id": "100079872917483",
                "count": 0
            },
            {
                "id": "100047204003653",
                "count": 0
            },
            {
                "id": "100038040332543",
                "count": 0
            },
            {
                "id": "100091755552233",
                "count": 0
            },
            {
                "id": "100080498922540",
                "count": 0
            },
            {
                "id": "100092177675822",
                "count": 0
            },
            {
                "id": "100080713033124",
                "count": 0
            },
            {
                "id": "100001837873386",
                "count": 0
            },
            {
                "id": "100031369036179",
                "count": 0
            },
            {
                "id": "100073780816947",
                "count": 0
            },
            {
                "id": "100086683778352",
                "count": 0
            },
            {
                "id": "61555953362311",
                "count": 0
            },
            {
                "id": "100084864216537",
                "count": 0
            },
            {
                "id": "61556315665619",
                "count": 0
            },
            {
                "id": "100047965715411",
                "count": 0
            },
            {
                "id": "100033724482252",
                "count": 0
            },
            {
                "id": "100092874462928",
                "count": 0
            },
            {
                "id": "61556586896273",
                "count": 0
            },
            {
                "id": "61550575172660",
                "count": 0
            },
            {
                "id": "100089182901271",
                "count": 0
            },
            {
                "id": "61556396132760",
                "count": 0
            },
            {
                "id": "61553677464674",
                "count": 0
            },
            {
                "id": "100084343890745",
                "count": 0
            },
            {
                "id": "100053846495270",
                "count": 0
            },
            {
                "id": "100089318180507",
                "count": 0
            },
            {
                "id": "100090168070553",
                "count": 0
            },
            {
                "id": "61553076975452",
                "count": 0
            },
            {
                "id": "100089921595192",
                "count": 0
            },
            {
                "id": "100084156083599",
                "count": 0
            },
            {
                "id": "100093697778882",
                "count": 0
            },
            {
                "id": "100078337699788",
                "count": 0
            },
            {
                "id": "100075834075743",
                "count": 0
            },
            {
                "id": "100073360218700",
                "count": 0
            },
            {
                "id": "100007576445045",
                "count": 0
            },
            {
                "id": "100070647511165",
                "count": 0
            },
            {
                "id": "100086485743153",
                "count": 0
            },
            {
                "id": "100088549527886",
                "count": 0
            },
            {
                "id": "100078941773829",
                "count": 0
            },
            {
                "id": "100083573881016",
                "count": 0
            },
            {
                "id": "100033179478036",
                "count": 0
            },
            {
                "id": "100090544423513",
                "count": 0
            },
            {
                "id": "100087998244879",
                "count": 0
            },
            {
                "id": "100049926450257",
                "count": 0
            },
            {
                "id": "100089069654501",
                "count": 0
            },
            {
                "id": "61556068845119",
                "count": 0
            },
            {
                "id": "100088473827227",
                "count": 0
            },
            {
                "id": "100028990684767",
                "count": 0
            },
            {
                "id": "100082260767570",
                "count": 0
            },
            {
                "id": "100088700822628",
                "count": 0
            },
            {
                "id": "100080141688262",
                "count": 0
            },
            {
                "id": "100079787082318",
                "count": 0
            },
            {
                "id": "61555751969665",
                "count": 0
            },
            {
                "id": "61554713095800",
                "count": 0
            },
            {
                "id": "61553909018509",
                "count": 0
            },
            {
                "id": "100081467928491",
                "count": 0
            },
            {
                "id": "5116462",
                "count": 0
            },
            {
                "id": "100073793182559",
                "count": 0
            },
            {
                "id": "100084447446432",
                "count": 0
            },
            {
                "id": "100087749184645",
                "count": 0
            },
            {
                "id": "100093795675666",
                "count": 0
            },
            {
                "id": "100088168202949",
                "count": 0
            },
            {
                "id": "100065284731832",
                "count": 0
            },
            {
                "id": "61553808028132",
                "count": 0
            },
            {
                "id": "100076249720993",
                "count": 0
            },
            {
                "id": "100044970106811",
                "count": 0
            },
            {
                "id": "100090358534432",
                "count": 0
            },
            {
                "id": "100045012651919",
                "count": 0
            },
            {
                "id": "100087866280886",
                "count": 0
            },
            {
                "id": "100076821686783",
                "count": 0
            },
            {
                "id": "100080763308672",
                "count": 0
            },
            {
                "id": "100078426687029",
                "count": 0
            },
            {
                "id": "100071164543331",
                "count": 0
            },
            {
                "id": "61555744590635",
                "count": 0
            },
            {
                "id": "61556212802669",
                "count": 0
            },
            {
                "id": "61552724340869",
                "count": 0
            },
            {
                "id": "100093621722377",
                "count": 0
            },
            {
                "id": "100093921427472",
                "count": 0
            },
            {
                "id": "100056891058318",
                "count": 0
            },
            {
                "id": "61555518106090",
                "count": 0
            },
            {
                "id": "100089324927770",
                "count": 0
            },
            {
                "id": "100091744846773",
                "count": 0
            },
            {
                "id": "100094678065163",
                "count": 0
            },
            {
                "id": "100092241753768",
                "count": 0
            },
            {
                "id": "61556333765665",
                "count": 0
            },
            {
                "id": "100093701739236",
                "count": 0
            },
            {
                "id": "100094043444749",
                "count": 0
            },
            {
                "id": "61555652035966",
                "count": 0
            },
            {
                "id": "100082275993083",
                "count": 0
            },
            {
                "id": "100054647777328",
                "count": 0
            },
            {
                "id": "61555674282359",
                "count": 0
            },
            {
                "id": "100018472753618",
                "count": 0
            },
            {
                "id": "100077690581913",
                "count": 0
            },
            {
                "id": "100083244550129",
                "count": 0
            },
            {
                "id": "100042573709161",
                "count": 0
            },
            {
                "id": "100094598034901",
                "count": 0
            },
            {
                "id": "100068521877692",
                "count": 0
            },
            {
                "id": "100074954762009",
                "count": 0
            },
            {
                "id": "100095607610774",
                "count": 0
            },
            {
                "id": "100092255196271",
                "count": 0
            },
            {
                "id": "61551844246786",
                "count": 0
            },
            {
                "id": "100082302767628",
                "count": 0
            },
            {
                "id": "100091274452642",
                "count": 0
            },
            {
                "id": "100026764660438",
                "count": 0
            },
            {
                "id": "100092364352071",
                "count": 0
            },
            {
                "id": "100086539790337",
                "count": 0
            },
            {
                "id": "61552045216097",
                "count": 0
            },
            {
                "id": "100091371685149",
                "count": 0
            },
            {
                "id": "100082223121041",
                "count": 0
            },
            {
                "id": "61555535235624",
                "count": 0
            },
            {
                "id": "100092845450212",
                "count": 0
            },
            {
                "id": "100086048872399",
                "count": 0
            },
            {
                "id": "61555117731210",
                "count": 0
            },
            {
                "id": "100083149664433",
                "count": 0
            },
            {
                "id": "100092727678607",
                "count": 0
            },
            {
                "id": "100049783956958",
                "count": 0
            },
            {
                "id": "61555015500093",
                "count": 0
            },
            {
                "id": "100086324504455",
                "count": 0
            },
            {
                "id": "100081976662444",
                "count": 0
            },
            {
                "id": "61551828762982",
                "count": 0
            }
        ],
        "week": [
            {
                "id": "100084139591593",
                "count": 0
            },
            {
                "id": "100053925945741",
                "count": 0
            },
            {
                "id": "61553735620628",
                "count": 0
            },
            {
                "id": "100075182751050",
                "count": 0
            },
            {
                "id": "100089240496791",
                "count": 0
            },
            {
                "id": "100045136599940",
                "count": 0
            },
            {
                "id": "100084225200116",
                "count": 0
            },
            {
                "id": "100033434110233",
                "count": 0
            },
            {
                "id": "100076139161062",
                "count": 0
            },
            {
                "id": "100086146481305",
                "count": 0
            },
            {
                "id": "100083108615956",
                "count": 0
            },
            {
                "id": "100076473907029",
                "count": 0
            },
            {
                "id": "100080380245513",
                "count": 0
            },
            {
                "id": "61553746473994",
                "count": 0
            },
            {
                "id": "61554942840114",
                "count": 0
            },
            {
                "id": "61551403194184",
                "count": 0
            },
            {
                "id": "100073416327916",
                "count": 0
            },
            {
                "id": "100094693936231",
                "count": 0
            },
            {
                "id": "100084169880896",
                "count": 0
            },
            {
                "id": "61552340772491",
                "count": 0
            },
            {
                "id": "100080631662688",
                "count": 0
            },
            {
                "id": "100082162204213",
                "count": 0
            },
            {
                "id": "61550204060620",
                "count": 0
            },
            {
                "id": "100080809933624",
                "count": 0
            },
            {
                "id": "100078857936690",
                "count": 0
            },
            {
                "id": "100090886460304",
                "count": 0
            },
            {
                "id": "100070056123477",
                "count": 0
            },
            {
                "id": "100057913603969",
                "count": 0
            },
            {
                "id": "100065548714467",
                "count": 0
            },
            {
                "id": "61553746040977",
                "count": 0
            },
            {
                "id": "100057607140256",
                "count": 0
            },
            {
                "id": "100035315954014",
                "count": 0
            },
            {
                "id": "61553653105621",
                "count": 0
            },
            {
                "id": "61555202187570",
                "count": 0
            },
            {
                "id": "100071622185411",
                "count": 0
            },
            {
                "id": "61554375433723",
                "count": 0
            },
            {
                "id": "61550592196238",
                "count": 0
            },
            {
                "id": "100079175143932",
                "count": 0
            },
            {
                "id": "100049707877978",
                "count": 0
            },
            {
                "id": "61554570060718",
                "count": 0
            },
            {
                "id": "100052372064659",
                "count": 0
            },
            {
                "id": "100031045484338",
                "count": 0
            },
            {
                "id": "100057069830214",
                "count": 0
            },
            {
                "id": "100065369810717",
                "count": 0
            },
            {
                "id": "100049580619615",
                "count": 0
            },
            {
                "id": "100084197018175",
                "count": 0
            },
            {
                "id": "61551543051159",
                "count": 0
            },
            {
                "id": "61551051887870",
                "count": 0
            },
            {
                "id": "61555336677830",
                "count": 0
            },
            {
                "id": "100071614969947",
                "count": 0
            },
            {
                "id": "100065381078044",
                "count": 0
            },
            {
                "id": "100083687833762",
                "count": 0
            },
            {
                "id": "100057574395902",
                "count": 0
            },
            {
                "id": "100035734683529",
                "count": 0
            },
            {
                "id": "61555848011662",
                "count": 0
            },
            {
                "id": "100092186701485",
                "count": 0
            },
            {
                "id": "100046194132744",
                "count": 0
            },
            {
                "id": "61553410544532",
                "count": 0
            },
            {
                "id": "100033910832412",
                "count": 0
            },
            {
                "id": "61555868233616",
                "count": 0
            },
            {
                "id": "100092009466021",
                "count": 0
            },
            {
                "id": "100082964850907",
                "count": 0
            },
            {
                "id": "100089046351913",
                "count": 0
            },
            {
                "id": "100094474382360",
                "count": 0
            },
            {
                "id": "100070073970001",
                "count": 0
            },
            {
                "id": "61552581191264",
                "count": 0
            },
            {
                "id": "100057984126153",
                "count": 0
            },
            {
                "id": "61555474090898",
                "count": 0
            },
            {
                "id": "100092223456659",
                "count": 0
            },
            {
                "id": "100090827371442",
                "count": 0
            },
            {
                "id": "100091416169029",
                "count": 0
            },
            {
                "id": "61552543624617",
                "count": 0
            },
            {
                "id": "100084634437216",
                "count": 0
            },
            {
                "id": "61554282943508",
                "count": 0
            },
            {
                "id": "100030924531994",
                "count": 0
            },
            {
                "id": "100083307963503",
                "count": 0
            },
            {
                "id": "100064106005769",
                "count": 0
            },
            {
                "id": "100071817770196",
                "count": 0
            },
            {
                "id": "100091416973580",
                "count": 0
            },
            {
                "id": "100090576267319",
                "count": 0
            },
            {
                "id": "61551171204272",
                "count": 0
            },
            {
                "id": "61553356141805",
                "count": 0
            },
            {
                "id": "100078807895537",
                "count": 0
            },
            {
                "id": "61550251945197",
                "count": 0
            },
            {
                "id": "100089634132462",
                "count": 0
            },
            {
                "id": "100068856377308",
                "count": 0
            },
            {
                "id": "61553174282586",
                "count": 0
            },
            {
                "id": "100075834897255",
                "count": 0
            },
            {
                "id": "61551100059745",
                "count": 0
            },
            {
                "id": "100079964336763",
                "count": 0
            },
            {
                "id": "100081569784059",
                "count": 0
            },
            {
                "id": "61556510393963",
                "count": 0
            },
            {
                "id": "100026475863637",
                "count": 0
            },
            {
                "id": "100048624288317",
                "count": 0
            },
            {
                "id": "100081383423691",
                "count": 0
            },
            {
                "id": "61552274376213",
                "count": 0
            },
            {
                "id": "100082282552650",
                "count": 0
            },
            {
                "id": "61550246544202",
                "count": 0
            },
            {
                "id": "61554953305445",
                "count": 0
            },
            {
                "id": "100082343972364",
                "count": 0
            },
            {
                "id": "100083505027654",
                "count": 0
            },
            {
                "id": "100055166735764",
                "count": 0
            },
            {
                "id": "100093063722312",
                "count": 0
            },
            {
                "id": "100093383898557",
                "count": 0
            },
            {
                "id": "100074188281737",
                "count": 0
            },
            {
                "id": "100066573454303",
                "count": 0
            },
            {
                "id": "100093850773993",
                "count": 0
            },
            {
                "id": "100056655464644",
                "count": 0
            },
            {
                "id": "100081824610738",
                "count": 0
            },
            {
                "id": "100080251561962",
                "count": 0
            },
            {
                "id": "61555990246520",
                "count": 0
            },
            {
                "id": "100088452810089",
                "count": 0
            },
            {
                "id": "61551711662362",
                "count": 0
            },
            {
                "id": "61553012776681",
                "count": 0
            },
            {
                "id": "100068210994493",
                "count": 0
            },
            {
                "id": "100090825255053",
                "count": 0
            },
            {
                "id": "61552760996093",
                "count": 0
            },
            {
                "id": "61553149910253",
                "count": 0
            },
            {
                "id": "61556014989394",
                "count": 0
            },
            {
                "id": "100093577333865",
                "count": 0
            },
            {
                "id": "100083048404726",
                "count": 0
            },
            {
                "id": "100086828508320",
                "count": 0
            },
            {
                "id": "100033487943519",
                "count": 0
            },
            {
                "id": "61555262446339",
                "count": 0
            },
            {
                "id": "100080420257591",
                "count": 0
            },
            {
                "id": "100092259736733",
                "count": 0
            },
            {
                "id": "100075015729301",
                "count": 0
            },
            {
                "id": "100028339671188",
                "count": 0
            },
            {
                "id": "61551131917706",
                "count": 0
            },
            {
                "id": "61550644254979",
                "count": 0
            },
            {
                "id": "61552231354541",
                "count": 0
            },
            {
                "id": "100079671920196",
                "count": 0
            },
            {
                "id": "61555713304751",
                "count": 0
            },
            {
                "id": "100078295303587",
                "count": 0
            },
            {
                "id": "100095409041612",
                "count": 0
            },
            {
                "id": "100086355244205",
                "count": 0
            },
            {
                "id": "100093703231491",
                "count": 0
            },
            {
                "id": "100073982943548",
                "count": 0
            },
            {
                "id": "563662494",
                "count": 0
            },
            {
                "id": "100065648044202",
                "count": 0
            },
            {
                "id": "100009193419033",
                "count": 0
            },
            {
                "id": "61550791821441",
                "count": 0
            },
            {
                "id": "61556239953521",
                "count": 0
            },
            {
                "id": "100082070770678",
                "count": 0
            },
            {
                "id": "100095166548153",
                "count": 0
            },
            {
                "id": "100062601660841",
                "count": 0
            },
            {
                "id": "61552989596950",
                "count": 0
            },
            {
                "id": "100065332141902",
                "count": 0
            },
            {
                "id": "61551256011042",
                "count": 0
            },
            {
                "id": "100093251268044",
                "count": 0
            },
            {
                "id": "61552467005681",
                "count": 0
            },
            {
                "id": "100015682355240",
                "count": 0
            },
            {
                "id": "61553826085762",
                "count": 0
            },
            {
                "id": "100031795337014",
                "count": 0
            },
            {
                "id": "100094759426053",
                "count": 0
            },
            {
                "id": "100077569666053",
                "count": 0
            },
            {
                "id": "100079529107253",
                "count": 0
            },
            {
                "id": "100026884802854",
                "count": 0
            },
            {
                "id": "100059630210670",
                "count": 0
            },
            {
                "id": "100049391288477",
                "count": 0
            },
            {
                "id": "100086707233830",
                "count": 0
            },
            {
                "id": "100087203796172",
                "count": 0
            },
            {
                "id": "100038193371405",
                "count": 0
            },
            {
                "id": "100074544454378",
                "count": 0
            },
            {
                "id": "61551021446799",
                "count": 0
            },
            {
                "id": "100077437853911",
                "count": 0
            },
            {
                "id": "100088884859669",
                "count": 0
            },
            {
                "id": "100087611900948",
                "count": 0
            },
            {
                "id": "100030646500586",
                "count": 0
            },
            {
                "id": "100041489179715",
                "count": 0
            },
            {
                "id": "100078517487330",
                "count": 0
            },
            {
                "id": "100080952473751",
                "count": 0
            },
            {
                "id": "61553362055822",
                "count": 0
            },
            {
                "id": "100084604749945",
                "count": 0
            },
            {
                "id": "100068513089850",
                "count": 0
            },
            {
                "id": "61553896462676",
                "count": 0
            },
            {
                "id": "100074765460491",
                "count": 0
            },
            {
                "id": "100066377689018",
                "count": 0
            },
            {
                "id": "100089664025554",
                "count": 0
            },
            {
                "id": "100092182410661",
                "count": 0
            },
            {
                "id": "100072799404139",
                "count": 0
            },
            {
                "id": "61555932010193",
                "count": 0
            },
            {
                "id": "61550325277830",
                "count": 0
            },
            {
                "id": "100040182870720",
                "count": 0
            },
            {
                "id": "509484270",
                "count": 0
            },
            {
                "id": "100079872917483",
                "count": 0
            },
            {
                "id": "100047204003653",
                "count": 0
            },
            {
                "id": "100038040332543",
                "count": 0
            },
            {
                "id": "100091755552233",
                "count": 0
            },
            {
                "id": "100080498922540",
                "count": 0
            },
            {
                "id": "100092177675822",
                "count": 0
            },
            {
                "id": "100080713033124",
                "count": 0
            },
            {
                "id": "100001837873386",
                "count": 0
            },
            {
                "id": "100031369036179",
                "count": 0
            },
            {
                "id": "100073780816947",
                "count": 0
            },
            {
                "id": "100086683778352",
                "count": 0
            },
            {
                "id": "61555953362311",
                "count": 0
            },
            {
                "id": "100084864216537",
                "count": 0
            },
            {
                "id": "61556315665619",
                "count": 0
            },
            {
                "id": "100047965715411",
                "count": 0
            },
            {
                "id": "100033724482252",
                "count": 0
            },
            {
                "id": "100092874462928",
                "count": 0
            },
            {
                "id": "61556586896273",
                "count": 0
            },
            {
                "id": "61550575172660",
                "count": 0
            },
            {
                "id": "100089182901271",
                "count": 0
            },
            {
                "id": "61556396132760",
                "count": 0
            },
            {
                "id": "61553677464674",
                "count": 0
            },
            {
                "id": "100084343890745",
                "count": 0
            },
            {
                "id": "100053846495270",
                "count": 0
            },
            {
                "id": "100089318180507",
                "count": 0
            },
            {
                "id": "100090168070553",
                "count": 0
            },
            {
                "id": "61553076975452",
                "count": 0
            },
            {
                "id": "100089921595192",
                "count": 0
            },
            {
                "id": "100084156083599",
                "count": 0
            },
            {
                "id": "100093697778882",
                "count": 0
            },
            {
                "id": "100078337699788",
                "count": 0
            },
            {
                "id": "100075834075743",
                "count": 0
            },
            {
                "id": "100073360218700",
                "count": 0
            },
            {
                "id": "100007576445045",
                "count": 0
            },
            {
                "id": "100070647511165",
                "count": 0
            },
            {
                "id": "100086485743153",
                "count": 0
            },
            {
                "id": "100088549527886",
                "count": 0
            },
            {
                "id": "100078941773829",
                "count": 0
            },
            {
                "id": "100083573881016",
                "count": 0
            },
            {
                "id": "100033179478036",
                "count": 0
            },
            {
                "id": "100090544423513",
                "count": 0
            },
            {
                "id": "100087998244879",
                "count": 0
            },
            {
                "id": "100049926450257",
                "count": 0
            },
            {
                "id": "100089069654501",
                "count": 0
            },
            {
                "id": "61556068845119",
                "count": 0
            },
            {
                "id": "100088473827227",
                "count": 0
            },
            {
                "id": "100028990684767",
                "count": 0
            },
            {
                "id": "100082260767570",
                "count": 0
            },
            {
                "id": "100088700822628",
                "count": 0
            },
            {
                "id": "100080141688262",
                "count": 0
            },
            {
                "id": "100079787082318",
                "count": 0
            },
            {
                "id": "61555751969665",
                "count": 0
            },
            {
                "id": "61554713095800",
                "count": 0
            },
            {
                "id": "61553909018509",
                "count": 0
            },
            {
                "id": "100081467928491",
                "count": 0
            },
            {
                "id": "5116462",
                "count": 0
            },
            {
                "id": "100073793182559",
                "count": 0
            },
            {
                "id": "100084447446432",
                "count": 0
            },
            {
                "id": "100087749184645",
                "count": 0
            },
            {
                "id": "100093795675666",
                "count": 0
            },
            {
                "id": "100088168202949",
                "count": 0
            },
            {
                "id": "100065284731832",
                "count": 0
            },
            {
                "id": "61553808028132",
                "count": 0
            },
            {
                "id": "100076249720993",
                "count": 0
            },
            {
                "id": "100044970106811",
                "count": 0
            },
            {
                "id": "100090358534432",
                "count": 0
            },
            {
                "id": "100045012651919",
                "count": 0
            },
            {
                "id": "100087866280886",
                "count": 0
            },
            {
                "id": "100076821686783",
                "count": 0
            },
            {
                "id": "100080763308672",
                "count": 0
            },
            {
                "id": "100078426687029",
                "count": 0
            },
            {
                "id": "100071164543331",
                "count": 0
            },
            {
                "id": "61555744590635",
                "count": 0
            },
            {
                "id": "61556212802669",
                "count": 0
            },
            {
                "id": "61552724340869",
                "count": 0
            },
            {
                "id": "100093621722377",
                "count": 0
            },
            {
                "id": "100093921427472",
                "count": 0
            },
            {
                "id": "100056891058318",
                "count": 0
            },
            {
                "id": "61555518106090",
                "count": 0
            },
            {
                "id": "100089324927770",
                "count": 0
            },
            {
                "id": "100091744846773",
                "count": 0
            },
            {
                "id": "100094678065163",
                "count": 0
            },
            {
                "id": "100092241753768",
                "count": 0
            },
            {
                "id": "61556333765665",
                "count": 0
            },
            {
                "id": "100093701739236",
                "count": 0
            },
            {
                "id": "100094043444749",
                "count": 0
            },
            {
                "id": "61555652035966",
                "count": 0
            },
            {
                "id": "100082275993083",
                "count": 0
            },
            {
                "id": "100054647777328",
                "count": 0
            },
            {
                "id": "61555674282359",
                "count": 0
            },
            {
                "id": "100018472753618",
                "count": 0
            },
            {
                "id": "100077690581913",
                "count": 0
            },
            {
                "id": "100083244550129",
                "count": 0
            },
            {
                "id": "100042573709161",
                "count": 0
            },
            {
                "id": "100094598034901",
                "count": 0
            },
            {
                "id": "100068521877692",
                "count": 0
            },
            {
                "id": "100074954762009",
                "count": 0
            },
            {
                "id": "100095607610774",
                "count": 0
            },
            {
                "id": "100092255196271",
                "count": 0
            },
            {
                "id": "61551844246786",
                "count": 0
            },
            {
                "id": "100082302767628",
                "count": 0
            },
            {
                "id": "100091274452642",
                "count": 0
            },
            {
                "id": "100026764660438",
                "count": 0
            },
            {
                "id": "100092364352071",
                "count": 0
            },
            {
                "id": "100086539790337",
                "count": 0
            },
            {
                "id": "61552045216097",
                "count": 0
            },
            {
                "id": "100091371685149",
                "count": 0
            },
            {
                "id": "100082223121041",
                "count": 0
            },
            {
                "id": "61555535235624",
                "count": 0
            },
            {
                "id": "100092845450212",
                "count": 0
            },
            {
                "id": "100086048872399",
                "count": 0
            },
            {
                "id": "61555117731210",
                "count": 0
            },
            {
                "id": "100083149664433",
                "count": 0
            },
            {
                "id": "100092727678607",
                "count": 0
            },
            {
                "id": "100049783956958",
                "count": 0
            },
            {
                "id": "61555015500093",
                "count": 0
            },
            {
                "id": "100086324504455",
                "count": 0
            },
            {
                "id": "100081976662444",
                "count": 0
            },
            {
                "id": "61551828762982",
                "count": 0
            }
        ]
    }
}