{
    "total": [
        {
            "id": "100041659579465",
            "count": 15
        },
        {
            "id": "100073578924818",
            "count": 0
        },
        {
            "id": "100073593469386",
            "count": 7
        },
        {
            "id": "100076427276402",
            "count": 0
        },
        {
            "id": "100079548167019",
            "count": 0
        },
        {
            "id": "100080418210790",
            "count": 27
        },
        {
            "id": "100008373421436",
            "count": 0
        }
    ],
    "week": [
        {
            "id": "100041659579465",
            "count": 15
        },
        {
            "id": "100073578924818",
            "count": 0
        },
        {
            "id": "100073593469386",
            "count": 7
        },
        {
            "id": "100076427276402",
            "count": 0
        },
        {
            "id": "100079548167019",
            "count": 0
        },
        {
            "id": "100080418210790",
            "count": 27
        },
        {
            "id": "100008373421436",
            "count": 0
        }
    ],
    "day": [
        {
            "id": "100041659579465",
            "count": 0,
            "name": "Người dùng facebook"
        },
        {
            "id": "100073578924818",
            "count": 0,
            "name": "Người dùng facebook"
        },
        {
            "id": "100073593469386",
            "count": 0,
            "name": "Người dùng facebook"
        },
        {
            "id": "100076427276402",
            "count": 0,
            "name": "Người dùng facebook"
        },
        {
            "id": "100079548167019",
            "count": 0,
            "name": "Người dùng facebook"
        },
        {
            "id": "100080418210790",
            "count": 0,
            "name": "Người dùng facebook"
        },
        {
            "id": "100008373421436",
            "count": 0,
            "name": "Người dùng Facebook"
        }
    ],
    "time": 6,
    "last": {
        "time": 1,
        "day": [
            {
                "id": "100041659579465",
                "count": 0
            },
            {
                "id": "100073578924818",
                "count": 0
            },
            {
                "id": "100073593469386",
                "count": 0
            },
            {
                "id": "100076427276402",
                "count": 0
            },
            {
                "id": "100079548167019",
                "count": 0
            },
            {
                "id": "100080418210790",
                "count": 0
            },
            {
                "id": "100068096370437",
                "count": 0
            },
            {
                "id": "100008373421436",
                "count": 0
            }
        ],
        "week": [
            {
                "id": "100041659579465",
                "count": 0
            },
            {
                "id": "100073578924818",
                "count": 0
            },
            {
                "id": "100073593469386",
                "count": 0
            },
            {
                "id": "100076427276402",
                "count": 0
            },
            {
                "id": "100079548167019",
                "count": 0
            },
            {
                "id": "100080418210790",
                "count": 0
            },
            {
                "id": "100068096370437",
                "count": 0
            },
            {
                "id": "100008373421436",
                "count": 0
            }
        ]
    }
}