{
    "total": [
        {
            "id": "100045736145895",
            "count": 0
        },
        {
            "id": "100052587455130",
            "count": 0
        },
        {
            "id": "100035049075250",
            "count": 0
        },
        {
            "id": "100046102303183",
            "count": 0
        },
        {
            "id": "100042888889107",
            "count": 0
        },
        {
            "id": "100037897402312",
            "count": 0
        },
        {
            "id": "100046264237769",
            "count": 0
        },
        {
            "id": "100044748079584",
            "count": 0
        },
        {
            "id": "100079339675014",
            "count": 2
        },
        {
            "id": "100053048481761",
            "count": 0
        },
        {
            "id": "100039271923832",
            "count": 0
        },
        {
            "id": "100088248690856",
            "count": 2
        },
        {
            "id": "100050558286128",
            "count": 0
        },
        {
            "id": "100093984565661",
            "count": 0
        },
        {
            "id": "100043539977283",
            "count": 0
        },
        {
            "id": "100075763173454",
            "count": 0
        },
        {
            "id": "100041858782759",
            "count": 0
        },
        {
            "id": "100091832221156",
            "count": 0
        },
        {
            "id": "100001838241327",
            "count": 0
        },
        {
            "id": "100020778277569",
            "count": 0
        },
        {
            "id": "61553767921815",
            "count": 0
        },
        {
            "id": "100001837873386",
            "count": 0
        },
        {
            "id": "61550993638071",
            "count": 0
        },
        {
            "id": "100011000286746",
            "count": 0
        },
        {
            "id": "61554742366971",
            "count": 0
        },
        {
            "id": "100009193419033",
            "count": 0
        },
        {
            "id": "100001305769791",
            "count": 0
        },
        {
            "id": "100000710492810",
            "count": 0
        },
        {
            "id": "61555237994265",
            "count": 0
        },
        {
            "id": "61554522400674",
            "count": 0
        },
        {
            "id": "61556205354770",
            "count": 0
        }
    ],
    "week": [
        {
            "id": "100045736145895",
            "count": 0,
            "name": "Nguyễn Hoàng Bảo Kin"
        },
        {
            "id": "100052587455130",
            "count": 0,
            "name": "Trần Bảo Hoàng"
        },
        {
            "id": "100035049075250",
            "count": 0,
            "name": "Hoàng Văn Hiệu"
        },
        {
            "id": "100046102303183",
            "count": 0,
            "name": "Thiên Minz Lãnh Hàn"
        },
        {
            "id": "100042888889107",
            "count": 0,
            "name": "Hắc Hàn Thiên Tenn"
        },
        {
            "id": "100037897402312",
            "count": 0,
            "name": "Ngọc Ánh"
        },
        {
            "id": "100046264237769",
            "count": 0,
            "name": "Nguyễn Hoàng Bảo Linh"
        },
        {
            "id": "100044748079584",
            "count": 0,
            "name": "Nguyễn Bảo Hoàng"
        },
        {
            "id": "100079339675014",
            "count": 0,
            "name": "Nguyễn Doanh"
        },
        {
            "id": "100053048481761",
            "count": 0,
            "name": "Bảo Nam"
        },
        {
            "id": "100039271923832",
            "count": 0,
            "name": "Thắng Lê"
        },
        {
            "id": "100088248690856",
            "count": 2,
            "name": "Kazutoru Devis"
        },
        {
            "id": "100050558286128",
            "count": 0,
            "name": "ʚHoàng Mếnɞ"
        },
        {
            "id": "100093984565661",
            "count": 0,
            "name": "Nguyễn Doanh"
        },
        {
            "id": "100043539977283",
            "count": 0,
            "name": "Ngưu Lang"
        },
        {
            "id": "100075763173454",
            "count": 0,
            "name": "Nguyễn Minh Nhật Hoàng"
        },
        {
            "id": "100041858782759",
            "count": 0,
            "name": "Thanh Vân"
        },
        {
            "id": "100091832221156",
            "count": 0,
            "name": "Tùng Hoàng"
        },
        {
            "id": "100001838241327",
            "count": 0,
            "name": "Phương Anh Thị Trần"
        },
        {
            "id": "100020778277569",
            "count": 0,
            "name": "Ngọc Quang"
        },
        {
            "id": "61553767921815",
            "count": 0,
            "name": "Gian Như"
        },
        {
            "id": "100001837873386",
            "count": 0,
            "name": "Trần Thị Kim Anh"
        },
        {
            "id": "61550993638071",
            "count": 0,
            "name": "Trần Thị Bích Ngọc"
        },
        {
            "id": "100011000286746",
            "count": 0,
            "name": "Ánh Ngọc Nguyễn"
        },
        {
            "id": "61554742366971",
            "count": 0,
            "name": "Người dùng Facebook"
        },
        {
            "id": "100009193419033",
            "count": 0,
            "name": "Người dùng Facebook"
        },
        {
            "id": "100001305769791",
            "count": 0,
            "name": "Huỳnh Trúc Phương"
        },
        {
            "id": "100000710492810",
            "count": 0,
            "name": "Người dùng Facebook"
        },
        {
            "id": "61555237994265",
            "count": 0,
            "name": "Ngọc Hân"
        },
        {
            "id": "61554522400674",
            "count": 0,
            "name": "Người dùng Facebook"
        },
        {
            "id": "61556205354770",
            "count": 0,
            "name": "Hân Mai"
        }
    ],
    "day": [
        {
            "id": "100045736145895",
            "count": 0,
            "name": "Người dùng facebook"
        },
        {
            "id": "100052587455130",
            "count": 0,
            "name": "Người dùng facebook"
        },
        {
            "id": "100035049075250",
            "count": 0,
            "name": "Người dùng facebook"
        },
        {
            "id": "100046102303183",
            "count": 0,
            "name": "Người dùng facebook"
        },
        {
            "id": "100042888889107",
            "count": 0,
            "name": "Người dùng facebook"
        },
        {
            "id": "100037897402312",
            "count": 0,
            "name": "Người dùng facebook"
        },
        {
            "id": "100046264237769",
            "count": 0,
            "name": "Người dùng facebook"
        },
        {
            "id": "100044748079584",
            "count": 0,
            "name": "Người dùng facebook"
        },
        {
            "id": "100079339675014",
            "count": 0,
            "name": "Người dùng facebook"
        },
        {
            "id": "100053048481761",
            "count": 0,
            "name": "Người dùng facebook"
        },
        {
            "id": "100039271923832",
            "count": 0,
            "name": "Người dùng facebook"
        },
        {
            "id": "100088248690856",
            "count": 0,
            "name": "Người dùng facebook"
        },
        {
            "id": "100050558286128",
            "count": 0,
            "name": "Người dùng facebook"
        },
        {
            "id": "100093984565661",
            "count": 0,
            "name": "Người dùng facebook"
        },
        {
            "id": "100043539977283",
            "count": 0,
            "name": "Người dùng facebook"
        },
        {
            "id": "100075763173454",
            "count": 0,
            "name": "Người dùng facebook"
        },
        {
            "id": "100041858782759",
            "count": 0,
            "name": "Người dùng facebook"
        },
        {
            "id": "100091832221156",
            "count": 0,
            "name": "Người dùng facebook"
        },
        {
            "id": "100001838241327",
            "count": 0,
            "name": "Phương Anh Thị Trần"
        },
        {
            "id": "100020778277569",
            "count": 0,
            "name": "Người dùng facebook"
        },
        {
            "id": "61553767921815",
            "count": 0,
            "name": "Người dùng facebook"
        },
        {
            "id": "100001837873386",
            "count": 0,
            "name": "Trần Thị Kim Anh"
        },
        {
            "id": "61550993638071",
            "count": 0,
            "name": "Người dùng facebook"
        },
        {
            "id": "100011000286746",
            "count": 0,
            "name": "Người dùng facebook"
        },
        {
            "id": "61554742366971",
            "count": 0,
            "name": "Người dùng facebook"
        },
        {
            "id": "100009193419033",
            "count": 0,
            "name": "Người dùng facebook"
        },
        {
            "id": "100001305769791",
            "count": 0,
            "name": "Huỳnh Trúc Phương"
        },
        {
            "id": "100000710492810",
            "count": 0,
            "name": "Người dùng facebook"
        },
        {
            "id": "61555237994265",
            "count": 0,
            "name": "Người dùng facebook"
        },
        {
            "id": "61554522400674",
            "count": 0,
            "name": "Người dùng facebook"
        },
        {
            "id": "61556205354770",
            "count": 0,
            "name": "Người dùng facebook"
        }
    ],
    "time": 6,
    "last": {
        "time": 4,
        "day": [
            {
                "id": "100045736145895",
                "count": 0
            },
            {
                "id": "100052587455130",
                "count": 0
            },
            {
                "id": "100035049075250",
                "count": 0
            },
            {
                "id": "100046102303183",
                "count": 0
            },
            {
                "id": "100042888889107",
                "count": 0
            },
            {
                "id": "100037897402312",
                "count": 0
            },
            {
                "id": "100046264237769",
                "count": 0
            },
            {
                "id": "100044748079584",
                "count": 0
            },
            {
                "id": "100079339675014",
                "count": 0
            },
            {
                "id": "100053048481761",
                "count": 0
            },
            {
                "id": "100039271923832",
                "count": 0
            },
            {
                "id": "100088248690856",
                "count": 0
            },
            {
                "id": "100050558286128",
                "count": 0
            },
            {
                "id": "100084100385407",
                "count": 0
            },
            {
                "id": "100093984565661",
                "count": 0
            },
            {
                "id": "100043539977283",
                "count": 0
            },
            {
                "id": "100075763173454",
                "count": 0
            },
            {
                "id": "100041858782759",
                "count": 0
            },
            {
                "id": "100091832221156",
                "count": 0
            },
            {
                "id": "100001838241327",
                "count": 0
            },
            {
                "id": "100020778277569",
                "count": 0
            },
            {
                "id": "61553767921815",
                "count": 0
            },
            {
                "id": "100001837873386",
                "count": 0
            },
            {
                "id": "61550993638071",
                "count": 0
            },
            {
                "id": "100011000286746",
                "count": 0
            },
            {
                "id": "61554742366971",
                "count": 0
            },
            {
                "id": "100009193419033",
                "count": 0
            },
            {
                "id": "100001305769791",
                "count": 0
            },
            {
                "id": "100000710492810",
                "count": 0
            },
            {
                "id": "61555237994265",
                "count": 0
            },
            {
                "id": "61554522400674",
                "count": 0
            },
            {
                "id": "61556205354770",
                "count": 0
            }
        ],
        "week": [
            {
                "id": "100045736145895",
                "count": 0
            },
            {
                "id": "100052587455130",
                "count": 0
            },
            {
                "id": "100035049075250",
                "count": 0
            },
            {
                "id": "100046102303183",
                "count": 0
            },
            {
                "id": "100042888889107",
                "count": 0
            },
            {
                "id": "100037897402312",
                "count": 0
            },
            {
                "id": "100046264237769",
                "count": 0
            },
            {
                "id": "100044748079584",
                "count": 0
            },
            {
                "id": "100079339675014",
                "count": 0
            },
            {
                "id": "100053048481761",
                "count": 0
            },
            {
                "id": "100039271923832",
                "count": 0
            },
            {
                "id": "100088248690856",
                "count": 0
            },
            {
                "id": "100050558286128",
                "count": 0
            },
            {
                "id": "100084100385407",
                "count": 0
            },
            {
                "id": "100093984565661",
                "count": 0
            },
            {
                "id": "100043539977283",
                "count": 0
            },
            {
                "id": "100075763173454",
                "count": 0
            },
            {
                "id": "100041858782759",
                "count": 0
            },
            {
                "id": "100091832221156",
                "count": 0
            },
            {
                "id": "100001838241327",
                "count": 0
            },
            {
                "id": "100020778277569",
                "count": 0
            },
            {
                "id": "61553767921815",
                "count": 0
            },
            {
                "id": "100001837873386",
                "count": 0
            },
            {
                "id": "61550993638071",
                "count": 0
            },
            {
                "id": "100011000286746",
                "count": 0
            },
            {
                "id": "61554742366971",
                "count": 0
            },
            {
                "id": "100009193419033",
                "count": 0
            },
            {
                "id": "100001305769791",
                "count": 0
            },
            {
                "id": "100000710492810",
                "count": 0
            },
            {
                "id": "61555237994265",
                "count": 0
            },
            {
                "id": "61554522400674",
                "count": 0
            },
            {
                "id": "61556205354770",
                "count": 0
            }
        ]
    }
}