{
    "total": [
        {
            "id": "100039271923832",
            "count": 0
        },
        {
            "id": "100010382110745",
            "count": 0
        },
        {
            "id": "100066485292315",
            "count": 0
        },
        {
            "id": "100090402096506",
            "count": 0
        },
        {
            "id": "100054613160936",
            "count": 0
        },
        {
            "id": "100092254224033",
            "count": 0
        },
        {
            "id": "100079173776800",
            "count": 6
        },
        {
            "id": "100065346220618",
            "count": 2
        },
        {
            "id": "100092562171702",
            "count": 0
        },
        {
            "id": "100081863216394",
            "count": 26
        },
        {
            "id": "100085927161695",
            "count": 48
        },
        {
            "id": "100053950690452",
            "count": 11
        },
        {
            "id": "100008094452683",
            "count": 7
        },
        {
            "id": "100075763173454",
            "count": 74
        },
        {
            "id": "100022191901145",
            "count": 0
        },
        {
            "id": "61550903723364",
            "count": 0
        },
        {
            "id": "100083644343727",
            "count": 5
        },
        {
            "id": "100073212996355",
            "count": 4
        },
        {
            "id": "100067197609933",
            "count": 24
        },
        {
            "id": "100088248690856",
            "count": 34
        },
        {
            "id": "100088450405518",
            "count": 72
        },
        {
            "id": "100093308837146",
            "count": 8
        },
        {
            "id": "100079339675014",
            "count": 17
        },
        {
            "id": "100051729458979",
            "count": 30
        },
        {
            "id": "100081013140853",
            "count": 3
        },
        {
            "id": "100050558286128",
            "count": 6
        },
        {
            "id": "100085127460136",
            "count": 0
        },
        {
            "id": "100075900311325",
            "count": 28
        },
        {
            "id": "100019055205086",
            "count": 15
        },
        {
            "id": "100020778277569",
            "count": 10
        },
        {
            "id": "100084100385407",
            "count": 46
        },
        {
            "id": "100079119167701",
            "count": 11
        },
        {
            "id": "100025077482082",
            "count": 1
        },
        {
            "id": "100053181693283",
            "count": 12
        },
        {
            "id": "100090104509477",
            "count": 1
        },
        {
            "id": "100074577291993",
            "count": 80
        },
        {
            "id": "100008373421436",
            "count": 0
        },
        {
            "id": "61555237994265",
            "count": 0
        },
        {
            "id": "100001837873386",
            "count": 0
        },
        {
            "id": "100073974912642",
            "count": 63
        },
        {
            "id": "100044748079584",
            "count": 13
        },
        {
            "id": "61555861632333",
            "count": 0
        },
        {
            "id": "61551727798090",
            "count": 9
        },
        {
            "id": "100034683217353",
            "count": 0
        },
        {
            "id": "100093652361610",
            "count": 0
        },
        {
            "id": "100022385581636",
            "count": 0
        },
        {
            "id": "100073731173303",
            "count": 0
        },
        {
            "id": "100068010336702",
            "count": 0
        },
        {
            "id": "100009193419033",
            "count": 0
        }
    ],
    "week": [
        {
            "id": "100039271923832",
            "count": 0,
            "name": "Thắng Lê"
        },
        {
            "id": "100010382110745",
            "count": 0,
            "name": "Minh Khang"
        },
        {
            "id": "100066485292315",
            "count": 0,
            "name": "Mưa Mưa"
        },
        {
            "id": "100090402096506",
            "count": 0,
            "name": "Trần Linhh"
        },
        {
            "id": "100054613160936",
            "count": 0,
            "name": "Khoa Bui"
        },
        {
            "id": "100092254224033",
            "count": 0,
            "name": "Như Phạm"
        },
        {
            "id": "100079173776800",
            "count": 0,
            "name": "Quang Nguyễn"
        },
        {
            "id": "100065346220618",
            "count": 0,
            "name": "Gia Huy"
        },
        {
            "id": "100092562171702",
            "count": 0,
            "name": "Thông Hy"
        },
        {
            "id": "100081863216394",
            "count": 0,
            "name": "Băng Tâm"
        },
        {
            "id": "100085927161695",
            "count": 8,
            "name": "Phạm Huy"
        },
        {
            "id": "100053950690452",
            "count": 0,
            "name": "Nguyễn Văn Thành"
        },
        {
            "id": "100008094452683",
            "count": 0,
            "name": "Dung Nguyễn"
        },
        {
            "id": "100075763173454",
            "count": 0,
            "name": "Nguyễn Minh Nhật Hoàng"
        },
        {
            "id": "100022191901145",
            "count": 0,
            "name": "Trần Thế Kiên"
        },
        {
            "id": "61550903723364",
            "count": 0,
            "name": "Kiên Phạm"
        },
        {
            "id": "100083644343727",
            "count": 0,
            "name": "Linh Love Yan"
        },
        {
            "id": "100073212996355",
            "count": 0,
            "name": "Nguyễn Đình Dương"
        },
        {
            "id": "100067197609933",
            "count": 0,
            "name": "Trai Đp Namki"
        },
        {
            "id": "100088248690856",
            "count": 0,
            "name": "Kazutoru Devis"
        },
        {
            "id": "100088450405518",
            "count": 0,
            "name": "Nguyễn Khánhz"
        },
        {
            "id": "100093308837146",
            "count": 1,
            "name": "Phú Bùi"
        },
        {
            "id": "100079339675014",
            "count": 10,
            "name": "Nguyễn Doanh"
        },
        {
            "id": "100051729458979",
            "count": 1,
            "name": "Đỗ Thái Linh"
        },
        {
            "id": "100081013140853",
            "count": 0,
            "name": "Van Thắng"
        },
        {
            "id": "100050558286128",
            "count": 0,
            "name": "ʚHoàng Mếnɞ"
        },
        {
            "id": "100085127460136",
            "count": 0,
            "name": "HT Hồng Ngọc"
        },
        {
            "id": "100075900311325",
            "count": 14,
            "name": "Nguyễn Ngọc Lan"
        },
        {
            "id": "100019055205086",
            "count": 1,
            "name": "Đạt Lê"
        },
        {
            "id": "100020778277569",
            "count": 0,
            "name": "Ngọc Quang"
        },
        {
            "id": "100084100385407",
            "count": 6,
            "name": "NT Luân"
        },
        {
            "id": "100079119167701",
            "count": 0,
            "name": "Ngọc Hân"
        },
        {
            "id": "100025077482082",
            "count": 0,
            "name": "Tiến Đạt"
        },
        {
            "id": "100053181693283",
            "count": 0,
            "name": "Nguyễn Enh"
        },
        {
            "id": "100090104509477",
            "count": 0,
            "name": "Đạt Trần"
        },
        {
            "id": "100074577291993",
            "count": 0,
            "name": "Thiên Tân"
        },
        {
            "id": "100008373421436",
            "count": 0,
            "name": "𝑷𝒉𝒂𝒎 𝑴𝒊𝒏𝒉 𝑫𝒐𝒏𝒈 𓅗"
        },
        {
            "id": "61555237994265",
            "count": 0,
            "name": "Ngọc Hân"
        },
        {
            "id": "100001837873386",
            "count": 0,
            "name": "Trần Thị Kim Anh"
        },
        {
            "id": "100073974912642",
            "count": 53,
            "name": "Trương Chí Nhân"
        },
        {
            "id": "100044748079584",
            "count": 0,
            "name": "Nguyễn Bảo Hoàng"
        },
        {
            "id": "61555861632333",
            "count": 0,
            "name": "Nắng"
        },
        {
            "id": "61551727798090",
            "count": 0,
            "name": "Nguyễn Minh Phúc"
        },
        {
            "id": "100034683217353",
            "count": 0,
            "name": "Ngọc Thuận"
        },
        {
            "id": "100093652361610",
            "count": 0,
            "name": "Thanh Tuấn"
        },
        {
            "id": "100022385581636",
            "count": 0,
            "name": "Dịuu Nguyễn"
        },
        {
            "id": "100073731173303",
            "count": 0,
            "name": "Đức Mimi"
        },
        {
            "id": "100068010336702",
            "count": 0,
            "name": "Lan Anh"
        },
        {
            "id": "100009193419033",
            "count": 0,
            "name": "Người dùng Facebook"
        }
    ],
    "day": [
        {
            "id": "100039271923832",
            "count": 0,
            "name": "Người dùng facebook"
        },
        {
            "id": "100010382110745",
            "count": 0,
            "name": "Người dùng facebook"
        },
        {
            "id": "100066485292315",
            "count": 0,
            "name": "Người dùng facebook"
        },
        {
            "id": "100090402096506",
            "count": 0,
            "name": "Người dùng facebook"
        },
        {
            "id": "100054613160936",
            "count": 0,
            "name": "Người dùng facebook"
        },
        {
            "id": "100092254224033",
            "count": 0,
            "name": "Người dùng facebook"
        },
        {
            "id": "100079173776800",
            "count": 0,
            "name": "Người dùng facebook"
        },
        {
            "id": "100065346220618",
            "count": 0,
            "name": "Người dùng facebook"
        },
        {
            "id": "100092562171702",
            "count": 0,
            "name": "Người dùng facebook"
        },
        {
            "id": "100081863216394",
            "count": 0,
            "name": "Người dùng facebook"
        },
        {
            "id": "100085927161695",
            "count": 0,
            "name": "Người dùng facebook"
        },
        {
            "id": "100053950690452",
            "count": 0,
            "name": "Người dùng facebook"
        },
        {
            "id": "100008094452683",
            "count": 0,
            "name": "Người dùng facebook"
        },
        {
            "id": "100075763173454",
            "count": 0,
            "name": "Người dùng facebook"
        },
        {
            "id": "100022191901145",
            "count": 0,
            "name": "Người dùng facebook"
        },
        {
            "id": "61550903723364",
            "count": 0,
            "name": "Người dùng facebook"
        },
        {
            "id": "100083644343727",
            "count": 0,
            "name": "Người dùng facebook"
        },
        {
            "id": "100073212996355",
            "count": 0,
            "name": "Người dùng facebook"
        },
        {
            "id": "100067197609933",
            "count": 0,
            "name": "Người dùng facebook"
        },
        {
            "id": "100088248690856",
            "count": 0,
            "name": "Người dùng facebook"
        },
        {
            "id": "100088450405518",
            "count": 0,
            "name": "Người dùng facebook"
        },
        {
            "id": "100093308837146",
            "count": 0,
            "name": "Người dùng facebook"
        },
        {
            "id": "100079339675014",
            "count": 0,
            "name": "Người dùng facebook"
        },
        {
            "id": "100051729458979",
            "count": 0,
            "name": "Người dùng facebook"
        },
        {
            "id": "100081013140853",
            "count": 0,
            "name": "Người dùng facebook"
        },
        {
            "id": "100050558286128",
            "count": 0,
            "name": "Người dùng facebook"
        },
        {
            "id": "100085127460136",
            "count": 0,
            "name": "Người dùng facebook"
        },
        {
            "id": "100075900311325",
            "count": 0,
            "name": "Người dùng facebook"
        },
        {
            "id": "100019055205086",
            "count": 0,
            "name": "Người dùng facebook"
        },
        {
            "id": "100020778277569",
            "count": 0,
            "name": "Người dùng facebook"
        },
        {
            "id": "100084100385407",
            "count": 0,
            "name": "Người dùng facebook"
        },
        {
            "id": "100079119167701",
            "count": 0,
            "name": "Người dùng facebook"
        },
        {
            "id": "100025077482082",
            "count": 0,
            "name": "Người dùng facebook"
        },
        {
            "id": "100053181693283",
            "count": 0,
            "name": "Người dùng facebook"
        },
        {
            "id": "100090104509477",
            "count": 0,
            "name": "Người dùng facebook"
        },
        {
            "id": "100074577291993",
            "count": 0,
            "name": "Người dùng facebook"
        },
        {
            "id": "100008373421436",
            "count": 0,
            "name": "Người dùng Facebook"
        },
        {
            "id": "61555237994265",
            "count": 0,
            "name": "Người dùng facebook"
        },
        {
            "id": "100001837873386",
            "count": 0,
            "name": "Trần Thị Kim Anh"
        },
        {
            "id": "100073974912642",
            "count": 0,
            "name": "Người dùng facebook"
        },
        {
            "id": "100044748079584",
            "count": 0,
            "name": "Người dùng facebook"
        },
        {
            "id": "61555861632333",
            "count": 0,
            "name": "Người dùng facebook"
        },
        {
            "id": "61551727798090",
            "count": 0,
            "name": "Người dùng facebook"
        },
        {
            "id": "100034683217353",
            "count": 0,
            "name": "Người dùng facebook"
        },
        {
            "id": "100093652361610",
            "count": 0,
            "name": "Người dùng facebook"
        },
        {
            "id": "100022385581636",
            "count": 0,
            "name": "Người dùng facebook"
        },
        {
            "id": "100073731173303",
            "count": 0,
            "name": "Người dùng facebook"
        },
        {
            "id": "100068010336702",
            "count": 0,
            "name": "Người dùng facebook"
        },
        {
            "id": "100009193419033",
            "count": 0,
            "name": "Người dùng facebook"
        }
    ],
    "time": 6,
    "last": {
        "time": 4,
        "day": [
            {
                "id": "100039271923832",
                "count": 0
            },
            {
                "id": "100010382110745",
                "count": 0
            },
            {
                "id": "100066485292315",
                "count": 0
            },
            {
                "id": "100090402096506",
                "count": 0
            },
            {
                "id": "100054613160936",
                "count": 0
            },
            {
                "id": "100092254224033",
                "count": 0
            },
            {
                "id": "100079173776800",
                "count": 0
            },
            {
                "id": "100065346220618",
                "count": 0
            },
            {
                "id": "100092562171702",
                "count": 0
            },
            {
                "id": "100081863216394",
                "count": 0
            },
            {
                "id": "100085927161695",
                "count": 0
            },
            {
                "id": "100053950690452",
                "count": 0
            },
            {
                "id": "100008094452683",
                "count": 0
            },
            {
                "id": "100075763173454",
                "count": 0
            },
            {
                "id": "100022191901145",
                "count": 0
            },
            {
                "id": "61550903723364",
                "count": 0
            },
            {
                "id": "100083644343727",
                "count": 0
            },
            {
                "id": "100073212996355",
                "count": 0
            },
            {
                "id": "100067197609933",
                "count": 0
            },
            {
                "id": "100088248690856",
                "count": 0
            },
            {
                "id": "100088450405518",
                "count": 0
            },
            {
                "id": "100093308837146",
                "count": 0
            },
            {
                "id": "100079339675014",
                "count": 0
            },
            {
                "id": "100051729458979",
                "count": 0
            },
            {
                "id": "100081013140853",
                "count": 0
            },
            {
                "id": "100050558286128",
                "count": 0
            },
            {
                "id": "100085127460136",
                "count": 0
            },
            {
                "id": "100075900311325",
                "count": 0
            },
            {
                "id": "100019055205086",
                "count": 0
            },
            {
                "id": "100020778277569",
                "count": 0
            },
            {
                "id": "100084100385407",
                "count": 0
            },
            {
                "id": "100079119167701",
                "count": 0
            },
            {
                "id": "100025077482082",
                "count": 0
            },
            {
                "id": "100053181693283",
                "count": 0
            },
            {
                "id": "100090104509477",
                "count": 0
            },
            {
                "id": "100074577291993",
                "count": 0
            },
            {
                "id": "100075797329996",
                "count": 0
            },
            {
                "id": "100008373421436",
                "count": 0
            },
            {
                "id": "61555237994265",
                "count": 0
            },
            {
                "id": "100001837873386",
                "count": 0
            },
            {
                "id": "100073974912642",
                "count": 0
            },
            {
                "id": "100044748079584",
                "count": 0
            },
            {
                "id": "61555861632333",
                "count": 0
            },
            {
                "id": "61551727798090",
                "count": 0
            },
            {
                "id": "100034683217353",
                "count": 0
            },
            {
                "id": "100093652361610",
                "count": 0
            },
            {
                "id": "100022385581636",
                "count": 0
            },
            {
                "id": "100073731173303",
                "count": 0
            },
            {
                "id": "100068010336702",
                "count": 0
            },
            {
                "id": "100009193419033",
                "count": 0
            }
        ],
        "week": [
            {
                "id": "100039271923832",
                "count": 0
            },
            {
                "id": "100010382110745",
                "count": 0
            },
            {
                "id": "100066485292315",
                "count": 0
            },
            {
                "id": "100090402096506",
                "count": 0
            },
            {
                "id": "100054613160936",
                "count": 0
            },
            {
                "id": "100092254224033",
                "count": 0
            },
            {
                "id": "100079173776800",
                "count": 0
            },
            {
                "id": "100065346220618",
                "count": 0
            },
            {
                "id": "100092562171702",
                "count": 0
            },
            {
                "id": "100081863216394",
                "count": 0
            },
            {
                "id": "100085927161695",
                "count": 0
            },
            {
                "id": "100053950690452",
                "count": 0
            },
            {
                "id": "100008094452683",
                "count": 0
            },
            {
                "id": "100075763173454",
                "count": 0
            },
            {
                "id": "100022191901145",
                "count": 0
            },
            {
                "id": "61550903723364",
                "count": 0
            },
            {
                "id": "100083644343727",
                "count": 0
            },
            {
                "id": "100073212996355",
                "count": 0
            },
            {
                "id": "100067197609933",
                "count": 0
            },
            {
                "id": "100088248690856",
                "count": 0
            },
            {
                "id": "100088450405518",
                "count": 0
            },
            {
                "id": "100093308837146",
                "count": 0
            },
            {
                "id": "100079339675014",
                "count": 0
            },
            {
                "id": "100051729458979",
                "count": 0
            },
            {
                "id": "100081013140853",
                "count": 0
            },
            {
                "id": "100050558286128",
                "count": 0
            },
            {
                "id": "100085127460136",
                "count": 0
            },
            {
                "id": "100075900311325",
                "count": 0
            },
            {
                "id": "100019055205086",
                "count": 0
            },
            {
                "id": "100020778277569",
                "count": 0
            },
            {
                "id": "100084100385407",
                "count": 0
            },
            {
                "id": "100079119167701",
                "count": 0
            },
            {
                "id": "100025077482082",
                "count": 0
            },
            {
                "id": "100053181693283",
                "count": 0
            },
            {
                "id": "100090104509477",
                "count": 0
            },
            {
                "id": "100074577291993",
                "count": 0
            },
            {
                "id": "100075797329996",
                "count": 0
            },
            {
                "id": "100008373421436",
                "count": 0
            },
            {
                "id": "61555237994265",
                "count": 0
            },
            {
                "id": "100001837873386",
                "count": 0
            },
            {
                "id": "100073974912642",
                "count": 0
            },
            {
                "id": "100044748079584",
                "count": 0
            },
            {
                "id": "61555861632333",
                "count": 0
            },
            {
                "id": "61551727798090",
                "count": 0
            },
            {
                "id": "100034683217353",
                "count": 0
            },
            {
                "id": "100093652361610",
                "count": 0
            },
            {
                "id": "100022385581636",
                "count": 0
            },
            {
                "id": "100073731173303",
                "count": 0
            },
            {
                "id": "100068010336702",
                "count": 0
            },
            {
                "id": "100009193419033",
                "count": 0
            }
        ]
    }
}