{
    "total": [
        {
            "id": "100037036294920",
            "count": 0
        },
        {
            "id": "100085927161695",
            "count": 3
        },
        {
            "id": "100051729458979",
            "count": 12
        },
        {
            "id": "100067197609933",
            "count": 0
        },
        {
            "id": "100048816069043",
            "count": 0
        },
        {
            "id": "100085127460136",
            "count": 0
        },
        {
            "id": "100020778277569",
            "count": 0
        },
        {
            "id": "100025400705268",
            "count": 1
        },
        {
            "id": "100079339675014",
            "count": 26
        },
        {
            "id": "100091971045422",
            "count": 0
        },
        {
            "id": "100011000286746",
            "count": 0
        },
        {
            "id": "100049867818618",
            "count": 0
        },
        {
            "id": "100001837873386",
            "count": 0
        },
        {
            "id": "61550993638071",
            "count": 0
        },
        {
            "id": "100000710492810",
            "count": 0
        },
        {
            "id": "100034589855185",
            "count": 0
        },
        {
            "id": "100009193419033",
            "count": 0
        },
        {
            "id": "100001838241327",
            "count": 0
        },
        {
            "id": "100057569531318",
            "count": 0
        },
        {
            "id": "100073212996355",
            "count": 0
        },
        {
            "id": "100068637307313",
            "count": 0
        },
        {
            "id": "100084100385407",
            "count": 3
        },
        {
            "id": "100027328727041",
            "count": 0
        },
        {
            "id": "100065094519325",
            "count": 0
        },
        {
            "id": "100089779681018",
            "count": 0
        },
        {
            "id": "100087422589885",
            "count": 0
        },
        {
            "id": "100054676375415",
            "count": 0
        },
        {
            "id": "100041858782759",
            "count": 0
        },
        {
            "id": "100028422970259",
            "count": 0
        }
    ],
    "week": [
        {
            "id": "100037036294920",
            "count": 0,
            "name": "Duyên Nguyễn"
        },
        {
            "id": "100085927161695",
            "count": 2,
            "name": "Phạm Huy"
        },
        {
            "id": "100051729458979",
            "count": 0,
            "name": "Đỗ Thái Linh"
        },
        {
            "id": "100067197609933",
            "count": 0,
            "name": "Trai Đp Namki"
        },
        {
            "id": "100048816069043",
            "count": 0,
            "name": "Tào Ngọc Dũng"
        },
        {
            "id": "100085127460136",
            "count": 0,
            "name": "HT Hồng Ngọc"
        },
        {
            "id": "100020778277569",
            "count": 0,
            "name": "Ngọc Quang"
        },
        {
            "id": "100025400705268",
            "count": 1,
            "name": "Giản Yến Nam"
        },
        {
            "id": "100079339675014",
            "count": 8,
            "name": "Nguyễn Doanh"
        },
        {
            "id": "100091971045422",
            "count": 0,
            "name": "Ngọc Linh Bbii"
        },
        {
            "id": "100011000286746",
            "count": 0,
            "name": "Ánh Ngọc Nguyễn"
        },
        {
            "id": "100049867818618",
            "count": 0,
            "name": "My Nguyen"
        },
        {
            "id": "100001837873386",
            "count": 0,
            "name": "Trần Thị Kim Anh"
        },
        {
            "id": "61550993638071",
            "count": 0,
            "name": "Trần Thị Bích Ngọc"
        },
        {
            "id": "100000710492810",
            "count": 0,
            "name": "Người dùng Facebook"
        },
        {
            "id": "100034589855185",
            "count": 0,
            "name": "Mỹ Linh"
        },
        {
            "id": "100009193419033",
            "count": 0,
            "name": "Người dùng Facebook"
        },
        {
            "id": "100001838241327",
            "count": 0,
            "name": "Phương Anh Thị Trần"
        },
        {
            "id": "100057569531318",
            "count": 0,
            "name": "Dương Thị Ngọc Ánh"
        },
        {
            "id": "100073212996355",
            "count": 0,
            "name": "Nguyễn Đình Dương"
        },
        {
            "id": "100068637307313",
            "count": 0,
            "name": "Trần Nam"
        },
        {
            "id": "100084100385407",
            "count": 0,
            "name": "NT Luân"
        },
        {
            "id": "100027328727041",
            "count": 0,
            "name": "Nguyễn Tú Linh"
        },
        {
            "id": "100065094519325",
            "count": 0,
            "name": "Nguyen Duy Phuc"
        },
        {
            "id": "100089779681018",
            "count": 0,
            "name": "Nguyễn Thùy Trang"
        },
        {
            "id": "100087422589885",
            "count": 0,
            "name": "Bích Huyền"
        },
        {
            "id": "100054676375415",
            "count": 0,
            "name": "Nguyễn Duyên Thịnh"
        },
        {
            "id": "100041858782759",
            "count": 0
        },
        {
            "id": "100028422970259",
            "count": 0
        }
    ],
    "day": [
        {
            "id": "100037036294920",
            "count": 0,
            "name": "Người dùng facebook"
        },
        {
            "id": "100085927161695",
            "count": 0,
            "name": "Người dùng facebook"
        },
        {
            "id": "100051729458979",
            "count": 0,
            "name": "Người dùng facebook"
        },
        {
            "id": "100067197609933",
            "count": 0,
            "name": "Người dùng facebook"
        },
        {
            "id": "100048816069043",
            "count": 0,
            "name": "Người dùng facebook"
        },
        {
            "id": "100085127460136",
            "count": 0,
            "name": "Người dùng facebook"
        },
        {
            "id": "100020778277569",
            "count": 0,
            "name": "Người dùng facebook"
        },
        {
            "id": "100025400705268",
            "count": 0,
            "name": "Người dùng facebook"
        },
        {
            "id": "100079339675014",
            "count": 0,
            "name": "Người dùng facebook"
        },
        {
            "id": "100091971045422",
            "count": 0,
            "name": "Người dùng facebook"
        },
        {
            "id": "100011000286746",
            "count": 0,
            "name": "Người dùng facebook"
        },
        {
            "id": "100049867818618",
            "count": 0,
            "name": "Người dùng facebook"
        },
        {
            "id": "100001837873386",
            "count": 0,
            "name": "Trần Thị Kim Anh"
        },
        {
            "id": "61550993638071",
            "count": 0,
            "name": "Người dùng facebook"
        },
        {
            "id": "100000710492810",
            "count": 0,
            "name": "Người dùng facebook"
        },
        {
            "id": "100034589855185",
            "count": 0,
            "name": "Người dùng facebook"
        },
        {
            "id": "100009193419033",
            "count": 0,
            "name": "Người dùng facebook"
        },
        {
            "id": "100001838241327",
            "count": 0,
            "name": "Phương Anh Thị Trần"
        },
        {
            "id": "100057569531318",
            "count": 0,
            "name": "Người dùng facebook"
        },
        {
            "id": "100073212996355",
            "count": 0,
            "name": "Người dùng facebook"
        },
        {
            "id": "100068637307313",
            "count": 0,
            "name": "Người dùng facebook"
        },
        {
            "id": "100084100385407",
            "count": 0,
            "name": "Người dùng facebook"
        },
        {
            "id": "100027328727041",
            "count": 0,
            "name": "Người dùng facebook"
        },
        {
            "id": "100065094519325",
            "count": 0,
            "name": "Người dùng facebook"
        },
        {
            "id": "100089779681018",
            "count": 0,
            "name": "Người dùng facebook"
        },
        {
            "id": "100087422589885",
            "count": 0,
            "name": "Người dùng facebook"
        },
        {
            "id": "100054676375415",
            "count": 0,
            "name": "Người dùng facebook"
        },
        {
            "id": "100041858782759",
            "count": 0,
            "name": "Người dùng facebook"
        },
        {
            "id": "100028422970259",
            "count": 0,
            "name": "Người dùng facebook"
        }
    ],
    "time": 6,
    "last": {
        "time": 4,
        "day": [
            {
                "id": "100037036294920",
                "count": 0
            },
            {
                "id": "100085927161695",
                "count": 0
            },
            {
                "id": "100051729458979",
                "count": 0
            },
            {
                "id": "100067197609933",
                "count": 0
            },
            {
                "id": "100048816069043",
                "count": 0
            },
            {
                "id": "100085127460136",
                "count": 0
            },
            {
                "id": "100020778277569",
                "count": 0
            },
            {
                "id": "100025400705268",
                "count": 0
            },
            {
                "id": "100079339675014",
                "count": 0
            },
            {
                "id": "100091971045422",
                "count": 0
            },
            {
                "id": "100011000286746",
                "count": 0
            },
            {
                "id": "100049867818618",
                "count": 0
            },
            {
                "id": "100001837873386",
                "count": 0
            },
            {
                "id": "61550993638071",
                "count": 0
            },
            {
                "id": "100000710492810",
                "count": 0
            },
            {
                "id": "100008373421436",
                "count": 0
            },
            {
                "id": "100034589855185",
                "count": 0
            },
            {
                "id": "100009193419033",
                "count": 0
            },
            {
                "id": "100001838241327",
                "count": 0
            },
            {
                "id": "100057569531318",
                "count": 0
            },
            {
                "id": "100073212996355",
                "count": 0
            },
            {
                "id": "100068637307313",
                "count": 0
            },
            {
                "id": "100024808777175",
                "count": 0
            },
            {
                "id": "100056041291504",
                "count": 0
            },
            {
                "id": "100084100385407",
                "count": 0
            },
            {
                "id": "100027328727041",
                "count": 0
            },
            {
                "id": "100065094519325",
                "count": 0
            },
            {
                "id": "100089779681018",
                "count": 0
            },
            {
                "id": "61556205354770",
                "count": 0
            },
            {
                "id": "100087422589885",
                "count": 0
            },
            {
                "id": "100054676375415",
                "count": 0
            },
            {
                "id": "100055976663645",
                "count": 0
            },
            {
                "id": "61555870501525",
                "count": 0
            },
            {
                "id": "100041858782759",
                "count": 0
            },
            {
                "id": "100028422970259",
                "count": 0
            }
        ],
        "week": [
            {
                "id": "100037036294920",
                "count": 0
            },
            {
                "id": "100085927161695",
                "count": 0
            },
            {
                "id": "100051729458979",
                "count": 0
            },
            {
                "id": "100067197609933",
                "count": 0
            },
            {
                "id": "100048816069043",
                "count": 0
            },
            {
                "id": "100085127460136",
                "count": 0
            },
            {
                "id": "100020778277569",
                "count": 0
            },
            {
                "id": "100025400705268",
                "count": 0
            },
            {
                "id": "100079339675014",
                "count": 0
            },
            {
                "id": "100091971045422",
                "count": 0
            },
            {
                "id": "100011000286746",
                "count": 0
            },
            {
                "id": "100049867818618",
                "count": 0
            },
            {
                "id": "100001837873386",
                "count": 0
            },
            {
                "id": "61550993638071",
                "count": 0
            },
            {
                "id": "100000710492810",
                "count": 0
            },
            {
                "id": "100008373421436",
                "count": 0
            },
            {
                "id": "100034589855185",
                "count": 0
            },
            {
                "id": "100009193419033",
                "count": 0
            },
            {
                "id": "100001838241327",
                "count": 0
            },
            {
                "id": "100057569531318",
                "count": 0
            },
            {
                "id": "100073212996355",
                "count": 0
            },
            {
                "id": "100068637307313",
                "count": 0
            },
            {
                "id": "100024808777175",
                "count": 0
            },
            {
                "id": "100056041291504",
                "count": 0
            },
            {
                "id": "100084100385407",
                "count": 0
            },
            {
                "id": "100027328727041",
                "count": 0
            },
            {
                "id": "100065094519325",
                "count": 0
            },
            {
                "id": "100089779681018",
                "count": 0
            },
            {
                "id": "61556205354770",
                "count": 0
            },
            {
                "id": "100087422589885",
                "count": 0
            },
            {
                "id": "100054676375415",
                "count": 0
            },
            {
                "id": "100055976663645",
                "count": 0
            },
            {
                "id": "61555870501525",
                "count": 0
            },
            {
                "id": "100041858782759",
                "count": 0
            },
            {
                "id": "100028422970259",
                "count": 0
            }
        ]
    }
}