{
    "total": [
        {
            "id": "100079339675014",
            "count": 7
        },
        {
            "id": "100044748079584",
            "count": 0
        },
        {
            "id": "100052587455130",
            "count": 0
        },
        {
            "id": "100001838241327",
            "count": 0
        },
        {
            "id": "100094629826721",
            "count": 0
        },
        {
            "id": "100001837873386",
            "count": 0
        },
        {
            "id": "100028422970259",
            "count": 0
        },
        {
            "id": "100045821063614",
            "count": 0
        },
        {
            "id": "61553229820925",
            "count": 0
        },
        {
            "id": "100093984565661",
            "count": 0
        },
        {
            "id": "100009193419033",
            "count": 0
        },
        {
            "id": "100001305769791",
            "count": 0
        },
        {
            "id": "100000710492810",
            "count": 0
        },
        {
            "id": "61555237994265",
            "count": 0
        },
        {
            "id": "100008373421436",
            "count": 0
        },
        {
            "id": "61554522400674",
            "count": 0
        },
        {
            "id": "61556205354770",
            "count": 0
        }
    ],
    "week": [
        {
            "id": "100079339675014",
            "count": 0,
            "name": "Nguyễn Doanh"
        },
        {
            "id": "100044748079584",
            "count": 0,
            "name": "Nguyễn Bảo Hoàng"
        },
        {
            "id": "100052587455130",
            "count": 0,
            "name": "Trần Bảo Hoàng"
        },
        {
            "id": "100001838241327",
            "count": 0,
            "name": "Phương Anh Thị Trần"
        },
        {
            "id": "100094629826721",
            "count": 0,
            "name": "Người dùng Facebook"
        },
        {
            "id": "100001837873386",
            "count": 0,
            "name": "Trần Thị Kim Anh"
        },
        {
            "id": "100028422970259",
            "count": 0,
            "name": "Nguyễn Hoàng Hải"
        },
        {
            "id": "100045821063614",
            "count": 0,
            "name": "Nguyễn Thị Phương"
        },
        {
            "id": "61553229820925",
            "count": 0,
            "name": "Người dùng Facebook"
        },
        {
            "id": "100093984565661",
            "count": 0,
            "name": "Nguyễn Doanh"
        },
        {
            "id": "100009193419033",
            "count": 0,
            "name": "Người dùng Facebook"
        },
        {
            "id": "100001305769791",
            "count": 0,
            "name": "Huỳnh Trúc Phương"
        },
        {
            "id": "100000710492810",
            "count": 0,
            "name": "Người dùng Facebook"
        },
        {
            "id": "61555237994265",
            "count": 0,
            "name": "Ngọc Hân"
        },
        {
            "id": "100008373421436",
            "count": 0,
            "name": "𝑷𝒉𝒂𝒎 𝑴𝒊𝒏𝒉 𝑫𝒐𝒏𝒈 𓅗"
        },
        {
            "id": "61554522400674",
            "count": 0,
            "name": "Người dùng Facebook"
        },
        {
            "id": "61556205354770",
            "count": 0,
            "name": "Hân Mai"
        }
    ],
    "day": [
        {
            "id": "100079339675014",
            "count": 0,
            "name": "Người dùng facebook"
        },
        {
            "id": "100044748079584",
            "count": 0,
            "name": "Người dùng facebook"
        },
        {
            "id": "100052587455130",
            "count": 0,
            "name": "Người dùng facebook"
        },
        {
            "id": "100001838241327",
            "count": 0,
            "name": "Phương Anh Thị Trần"
        },
        {
            "id": "100094629826721",
            "count": 0,
            "name": "Người dùng facebook"
        },
        {
            "id": "100001837873386",
            "count": 0,
            "name": "Trần Thị Kim Anh"
        },
        {
            "id": "100028422970259",
            "count": 0,
            "name": "Người dùng facebook"
        },
        {
            "id": "100045821063614",
            "count": 0,
            "name": "Người dùng facebook"
        },
        {
            "id": "61553229820925",
            "count": 0,
            "name": "Người dùng facebook"
        },
        {
            "id": "100093984565661",
            "count": 0,
            "name": "Người dùng facebook"
        },
        {
            "id": "100009193419033",
            "count": 0,
            "name": "Người dùng facebook"
        },
        {
            "id": "100001305769791",
            "count": 0,
            "name": "Huỳnh Trúc Phương"
        },
        {
            "id": "100000710492810",
            "count": 0,
            "name": "Người dùng facebook"
        },
        {
            "id": "61555237994265",
            "count": 0,
            "name": "Người dùng facebook"
        },
        {
            "id": "100008373421436",
            "count": 0,
            "name": "Người dùng Facebook"
        },
        {
            "id": "61554522400674",
            "count": 0,
            "name": "Người dùng facebook"
        },
        {
            "id": "61556205354770",
            "count": 0,
            "name": "Người dùng facebook"
        }
    ],
    "time": 6,
    "last": {
        "time": 4,
        "day": [
            {
                "id": "100079339675014",
                "count": 0
            },
            {
                "id": "100044748079584",
                "count": 0
            },
            {
                "id": "100052587455130",
                "count": 0
            },
            {
                "id": "100001838241327",
                "count": 0
            },
            {
                "id": "100094629826721",
                "count": 0
            },
            {
                "id": "100001837873386",
                "count": 0
            },
            {
                "id": "100028422970259",
                "count": 0
            },
            {
                "id": "100045821063614",
                "count": 0
            },
            {
                "id": "61553229820925",
                "count": 0
            },
            {
                "id": "100093984565661",
                "count": 0
            },
            {
                "id": "100009193419033",
                "count": 0
            },
            {
                "id": "100001305769791",
                "count": 0
            },
            {
                "id": "100000710492810",
                "count": 0
            },
            {
                "id": "61555237994265",
                "count": 0
            },
            {
                "id": "100008373421436",
                "count": 0
            },
            {
                "id": "61554522400674",
                "count": 0
            },
            {
                "id": "61556205354770",
                "count": 0
            }
        ],
        "week": [
            {
                "id": "100079339675014",
                "count": 0
            },
            {
                "id": "100044748079584",
                "count": 0
            },
            {
                "id": "100052587455130",
                "count": 0
            },
            {
                "id": "100001838241327",
                "count": 0
            },
            {
                "id": "100094629826721",
                "count": 0
            },
            {
                "id": "100001837873386",
                "count": 0
            },
            {
                "id": "100028422970259",
                "count": 0
            },
            {
                "id": "100045821063614",
                "count": 0
            },
            {
                "id": "61553229820925",
                "count": 0
            },
            {
                "id": "100093984565661",
                "count": 0
            },
            {
                "id": "100009193419033",
                "count": 0
            },
            {
                "id": "100001305769791",
                "count": 0
            },
            {
                "id": "100000710492810",
                "count": 0
            },
            {
                "id": "61555237994265",
                "count": 0
            },
            {
                "id": "100008373421436",
                "count": 0
            },
            {
                "id": "61554522400674",
                "count": 0
            },
            {
                "id": "61556205354770",
                "count": 0
            }
        ]
    }
}