{
    "total": [
        {
            "id": "100092009466021",
            "count": 38
        },
        {
            "id": "100070104835848",
            "count": 0
        },
        {
            "id": "100000710492810",
            "count": 0
        },
        {
            "id": "100092182410661",
            "count": 1
        },
        {
            "id": "100089715876130",
            "count": 0
        },
        {
            "id": "100026253998820",
            "count": 0
        },
        {
            "id": "100084883013388",
            "count": 0
        },
        {
            "id": "100008373421436",
            "count": 0
        },
        {
            "id": "100001837873386",
            "count": 0
        },
        {
            "id": "100073288342840",
            "count": 0
        },
        {
            "id": "100080371301203",
            "count": 0
        },
        {
            "id": "100001838241327",
            "count": 0
        },
        {
            "id": "100071489084321",
            "count": 0
        },
        {
            "id": "100009193419033",
            "count": 0
        },
        {
            "id": "100093850773993",
            "count": 0
        },
        {
            "id": "100087611900948",
            "count": 0
        },
        {
            "id": "61555401895446",
            "count": 2
        },
        {
            "id": "100091295082122",
            "count": 1
        },
        {
            "id": "61550036222967",
            "count": 0
        },
        {
            "id": "100090544423513",
            "count": 12
        },
        {
            "id": "100095384901912",
            "count": 0
        },
        {
            "id": "100092846463100",
            "count": 0
        }
    ],
    "week": [
        {
            "id": "100092009466021",
            "count": 0,
            "name": "Namm Saddboyy"
        },
        {
            "id": "100070104835848",
            "count": 0,
            "name": "Huyy Phạm"
        },
        {
            "id": "100000710492810",
            "count": 0,
            "name": "Người dùng Facebook"
        },
        {
            "id": "100092182410661",
            "count": 0,
            "name": "Oa Nh"
        },
        {
            "id": "100089715876130",
            "count": 0,
            "name": "Văn Thạch"
        },
        {
            "id": "100026253998820",
            "count": 0,
            "name": "Lê Hải Yến"
        },
        {
            "id": "100084883013388",
            "count": 0,
            "name": "Trần Ngọc Dũng"
        },
        {
            "id": "100008373421436",
            "count": 0,
            "name": "𝑷𝒉𝒂𝒎 𝑴𝒊𝒏𝒉 𝑫𝒐𝒏𝒈 𓅗"
        },
        {
            "id": "100001837873386",
            "count": 0,
            "name": "Trần Thị Kim Anh"
        },
        {
            "id": "100073288342840",
            "count": 0,
            "name": "Câu Bé Thông Minh"
        },
        {
            "id": "100080371301203",
            "count": 0,
            "name": "Nguyễn Thịnh"
        },
        {
            "id": "100001838241327",
            "count": 0,
            "name": "Phương Anh Thị Trần"
        },
        {
            "id": "100071489084321",
            "count": 0,
            "name": "Việt Annh"
        },
        {
            "id": "100009193419033",
            "count": 0,
            "name": "Người dùng Facebook"
        },
        {
            "id": "100093850773993",
            "count": 0,
            "name": "Hưng Trần"
        },
        {
            "id": "100087611900948",
            "count": 0,
            "name": "Nq Hoànq Khánh Lynh"
        },
        {
            "id": "61555401895446",
            "count": 0,
            "name": "Phương Linh Ph"
        },
        {
            "id": "100091295082122",
            "count": 0,
            "name": "Ng Tuan Anh"
        },
        {
            "id": "61550036222967",
            "count": 0,
            "name": "Người dùng Facebook"
        },
        {
            "id": "100090544423513",
            "count": 0,
            "name": "Nguyễn Ngoc Anh"
        },
        {
            "id": "100095384901912",
            "count": 0,
            "name": "khanhhuyen"
        },
        {
            "id": "100092846463100",
            "count": 0,
            "name": "Thảo Tồ Saddboyy"
        }
    ],
    "day": [
        {
            "id": "100092009466021",
            "count": 0,
            "name": "Người dùng facebook"
        },
        {
            "id": "100070104835848",
            "count": 0,
            "name": "Người dùng facebook"
        },
        {
            "id": "100000710492810",
            "count": 0,
            "name": "Người dùng facebook"
        },
        {
            "id": "100092182410661",
            "count": 0,
            "name": "Người dùng facebook"
        },
        {
            "id": "100089715876130",
            "count": 0,
            "name": "Người dùng facebook"
        },
        {
            "id": "100026253998820",
            "count": 0,
            "name": "Người dùng facebook"
        },
        {
            "id": "100084883013388",
            "count": 0,
            "name": "Người dùng facebook"
        },
        {
            "id": "100008373421436",
            "count": 0,
            "name": "Người dùng Facebook"
        },
        {
            "id": "100001837873386",
            "count": 0,
            "name": "Trần Thị Kim Anh"
        },
        {
            "id": "100073288342840",
            "count": 0,
            "name": "Người dùng facebook"
        },
        {
            "id": "100080371301203",
            "count": 0,
            "name": "Người dùng facebook"
        },
        {
            "id": "100001838241327",
            "count": 0,
            "name": "Phương Anh Thị Trần"
        },
        {
            "id": "100071489084321",
            "count": 0,
            "name": "Người dùng facebook"
        },
        {
            "id": "100009193419033",
            "count": 0,
            "name": "Người dùng facebook"
        },
        {
            "id": "100093850773993",
            "count": 0,
            "name": "Người dùng facebook"
        },
        {
            "id": "100087611900948",
            "count": 0,
            "name": "Người dùng facebook"
        },
        {
            "id": "61555401895446",
            "count": 0,
            "name": "Người dùng facebook"
        },
        {
            "id": "100091295082122",
            "count": 0,
            "name": "Người dùng facebook"
        },
        {
            "id": "61550036222967",
            "count": 0,
            "name": "Người dùng facebook"
        },
        {
            "id": "100090544423513",
            "count": 0,
            "name": "Người dùng facebook"
        },
        {
            "id": "100095384901912",
            "count": 0,
            "name": "Người dùng facebook"
        },
        {
            "id": "100092846463100",
            "count": 0,
            "name": "Người dùng facebook"
        }
    ],
    "time": 6,
    "last": {
        "time": 4,
        "day": [
            {
                "id": "100092009466021",
                "count": 0
            },
            {
                "id": "100070104835848",
                "count": 0
            },
            {
                "id": "100000710492810",
                "count": 0
            },
            {
                "id": "100092182410661",
                "count": 0
            },
            {
                "id": "100089715876130",
                "count": 0
            },
            {
                "id": "100026253998820",
                "count": 0
            },
            {
                "id": "100084883013388",
                "count": 0
            },
            {
                "id": "100008373421436",
                "count": 0
            },
            {
                "id": "100001837873386",
                "count": 0
            },
            {
                "id": "100073288342840",
                "count": 0
            },
            {
                "id": "100080371301203",
                "count": 0
            },
            {
                "id": "100001838241327",
                "count": 0
            },
            {
                "id": "100071489084321",
                "count": 0
            },
            {
                "id": "100009193419033",
                "count": 0
            },
            {
                "id": "100093850773993",
                "count": 0
            },
            {
                "id": "100087611900948",
                "count": 0
            },
            {
                "id": "61555401895446",
                "count": 0
            },
            {
                "id": "100091295082122",
                "count": 0
            },
            {
                "id": "61550036222967",
                "count": 0
            },
            {
                "id": "100090544423513",
                "count": 0
            },
            {
                "id": "100095384901912",
                "count": 0
            },
            {
                "id": "100092846463100",
                "count": 0
            }
        ],
        "week": [
            {
                "id": "100092009466021",
                "count": 0
            },
            {
                "id": "100070104835848",
                "count": 0
            },
            {
                "id": "100000710492810",
                "count": 0
            },
            {
                "id": "100092182410661",
                "count": 0
            },
            {
                "id": "100089715876130",
                "count": 0
            },
            {
                "id": "100026253998820",
                "count": 0
            },
            {
                "id": "100084883013388",
                "count": 0
            },
            {
                "id": "100008373421436",
                "count": 0
            },
            {
                "id": "100001837873386",
                "count": 0
            },
            {
                "id": "100073288342840",
                "count": 0
            },
            {
                "id": "100080371301203",
                "count": 0
            },
            {
                "id": "100001838241327",
                "count": 0
            },
            {
                "id": "100071489084321",
                "count": 0
            },
            {
                "id": "100009193419033",
                "count": 0
            },
            {
                "id": "100093850773993",
                "count": 0
            },
            {
                "id": "100087611900948",
                "count": 0
            },
            {
                "id": "61555401895446",
                "count": 0
            },
            {
                "id": "100091295082122",
                "count": 0
            },
            {
                "id": "61550036222967",
                "count": 0
            },
            {
                "id": "100090544423513",
                "count": 0
            },
            {
                "id": "100095384901912",
                "count": 0
            },
            {
                "id": "100092846463100",
                "count": 0
            }
        ]
    }
}