{
    "total": [
        {
            "id": "100034769501704",
            "count": 2
        },
        {
            "id": "100053590699341",
            "count": 7
        },
        {
            "id": "100064229816201",
            "count": 4
        },
        {
            "id": "100065621580145",
            "count": 0
        },
        {
            "id": "61554393770372",
            "count": 0
        },
        {
            "id": "100075189017810",
            "count": 0
        },
        {
            "id": "100079133198997",
            "count": 0
        },
        {
            "id": "100092473432097",
            "count": 10
        },
        {
            "id": "100088161292421",
            "count": 0
        },
        {
            "id": "100092542882599",
            "count": 0
        },
        {
            "id": "100027973850566",
            "count": 0
        },
        {
            "id": "100078377173695",
            "count": 0
        },
        {
            "id": "100009193419033",
            "count": 0
        },
        {
            "id": "100093279983245",
            "count": 0
        },
        {
            "id": "100069167524692",
            "count": 0
        },
        {
            "id": "100054777971738",
            "count": 26
        },
        {
            "id": "100090533292347",
            "count": 0
        },
        {
            "id": "61550219275428",
            "count": 0
        },
        {
            "id": "100008373421436",
            "count": 0
        },
        {
            "id": "100068096370437",
            "count": 1
        },
        {
            "id": "100028821588170",
            "count": 18
        },
        {
            "id": "100001837873386",
            "count": 0
        },
        {
            "id": "100001838241327",
            "count": 0
        },
        {
            "id": "100082734253821",
            "count": 0
        },
        {
            "id": "61550918159794",
            "count": 1
        },
        {
            "id": "100076246940212",
            "count": 0
        },
        {
            "id": "100078837387992",
            "count": 0
        },
        {
            "id": "61551945310345",
            "count": 0
        },
        {
            "id": "61555757049100",
            "count": 0
        },
        {
            "id": "61554548152089",
            "count": 0
        },
        {
            "id": "100092009466021",
            "count": 3
        },
        {
            "id": "100075167103792",
            "count": 1
        },
        {
            "id": "61555628702080",
            "count": 0
        },
        {
            "id": "100093062947418",
            "count": 49
        },
        {
            "id": "100093651707607",
            "count": 0
        }
    ],
    "week": [
        {
            "id": "100034769501704",
            "count": 0,
            "name": "Không Có Tên"
        },
        {
            "id": "100053590699341",
            "count": 3,
            "name": "Tuyên"
        },
        {
            "id": "100064229816201",
            "count": 0,
            "name": "Hg Htrangg"
        },
        {
            "id": "100065621580145",
            "count": 0,
            "name": "Ng ThNam"
        },
        {
            "id": "61554393770372",
            "count": 0,
            "name": "Minh Trần"
        },
        {
            "id": "100075189017810",
            "count": 0,
            "name": "Khánh Linh"
        },
        {
            "id": "100079133198997",
            "count": 0,
            "name": "Vĩnh Minh"
        },
        {
            "id": "100092473432097",
            "count": 0,
            "name": "Thị Miếc"
        },
        {
            "id": "100088161292421",
            "count": 0,
            "name": "Nguyen Tuna"
        },
        {
            "id": "100092542882599",
            "count": 0,
            "name": "Bbi Bún"
        },
        {
            "id": "100027973850566",
            "count": 0,
            "name": "Phạm Yine"
        },
        {
            "id": "100078377173695",
            "count": 0,
            "name": "Phạm Long"
        },
        {
            "id": "100009193419033",
            "count": 0,
            "name": "Người dùng Facebook"
        },
        {
            "id": "100093279983245",
            "count": 0,
            "name": "Grayy ST"
        },
        {
            "id": "100069167524692",
            "count": 0,
            "name": "Há Cảo"
        },
        {
            "id": "100054777971738",
            "count": 7,
            "name": "Khải Lê"
        },
        {
            "id": "100090533292347",
            "count": 0,
            "name": "ʚChip Xinhɞ"
        },
        {
            "id": "61550219275428",
            "count": 0,
            "name": "Phúc Hoàng"
        },
        {
            "id": "100008373421436",
            "count": 0,
            "name": "𝑷𝒉𝒂𝒎 𝑴𝒊𝒏𝒉 𝑫𝒐𝒏𝒈 𓅗"
        },
        {
            "id": "100068096370437",
            "count": 0,
            "name": "Phạm Minh Đồng"
        },
        {
            "id": "100028821588170",
            "count": 0,
            "name": "Cochi Solite"
        },
        {
            "id": "100001837873386",
            "count": 0,
            "name": "Trần Thị Kim Anh"
        },
        {
            "id": "100001838241327",
            "count": 0,
            "name": "Phương Anh Thị Trần"
        },
        {
            "id": "100082734253821",
            "count": 0,
            "name": "Ng Thư"
        },
        {
            "id": "61550918159794",
            "count": 0,
            "name": "Đỗ Tuệ Minh"
        },
        {
            "id": "100076246940212",
            "count": 0,
            "name": "Nguyễn QuangVu"
        },
        {
            "id": "100078837387992",
            "count": 0,
            "name": "Nguyễn Hải Hà"
        },
        {
            "id": "61551945310345",
            "count": 0,
            "name": "Tên Bình Thường"
        },
        {
            "id": "61555757049100",
            "count": 0,
            "name": "Pham Haii Ahn"
        },
        {
            "id": "61554548152089",
            "count": 0,
            "name": "Himi Aki"
        },
        {
            "id": "100092009466021",
            "count": 0,
            "name": "Namm Saddboyy"
        },
        {
            "id": "100075167103792",
            "count": 0,
            "name": "Minh Tu"
        },
        {
            "id": "61555628702080",
            "count": 0,
            "name": "Anh Hoangg"
        },
        {
            "id": "100093062947418",
            "count": 0,
            "name": "Gerry Sujin"
        },
        {
            "id": "100093651707607",
            "count": 0,
            "name": "Kẻ Ngốc Đơn Phương"
        }
    ],
    "day": [
        {
            "id": "100034769501704",
            "count": 0,
            "name": "Người dùng facebook"
        },
        {
            "id": "100053590699341",
            "count": 0,
            "name": "Người dùng facebook"
        },
        {
            "id": "100064229816201",
            "count": 0,
            "name": "Người dùng facebook"
        },
        {
            "id": "100065621580145",
            "count": 0,
            "name": "Người dùng facebook"
        },
        {
            "id": "61554393770372",
            "count": 0,
            "name": "Người dùng facebook"
        },
        {
            "id": "100075189017810",
            "count": 0,
            "name": "Người dùng facebook"
        },
        {
            "id": "100079133198997",
            "count": 0,
            "name": "Người dùng facebook"
        },
        {
            "id": "100092473432097",
            "count": 0,
            "name": "Người dùng facebook"
        },
        {
            "id": "100088161292421",
            "count": 0,
            "name": "Người dùng facebook"
        },
        {
            "id": "100092542882599",
            "count": 0,
            "name": "Người dùng facebook"
        },
        {
            "id": "100027973850566",
            "count": 0,
            "name": "Người dùng facebook"
        },
        {
            "id": "100078377173695",
            "count": 0,
            "name": "Người dùng facebook"
        },
        {
            "id": "100009193419033",
            "count": 0,
            "name": "Người dùng facebook"
        },
        {
            "id": "100093279983245",
            "count": 0,
            "name": "Người dùng facebook"
        },
        {
            "id": "100069167524692",
            "count": 0,
            "name": "Người dùng facebook"
        },
        {
            "id": "100054777971738",
            "count": 0,
            "name": "Người dùng facebook"
        },
        {
            "id": "100090533292347",
            "count": 0,
            "name": "Người dùng facebook"
        },
        {
            "id": "61550219275428",
            "count": 0,
            "name": "Người dùng facebook"
        },
        {
            "id": "100008373421436",
            "count": 0,
            "name": "Người dùng Facebook"
        },
        {
            "id": "100068096370437",
            "count": 0,
            "name": "Phạm Minh Đồng"
        },
        {
            "id": "100028821588170",
            "count": 0,
            "name": "Người dùng facebook"
        },
        {
            "id": "100001837873386",
            "count": 0,
            "name": "Trần Thị Kim Anh"
        },
        {
            "id": "100001838241327",
            "count": 0,
            "name": "Phương Anh Thị Trần"
        },
        {
            "id": "100082734253821",
            "count": 0,
            "name": "Người dùng facebook"
        },
        {
            "id": "61550918159794",
            "count": 0,
            "name": "Người dùng facebook"
        },
        {
            "id": "100076246940212",
            "count": 0,
            "name": "Người dùng facebook"
        },
        {
            "id": "100078837387992",
            "count": 0,
            "name": "Người dùng facebook"
        },
        {
            "id": "61551945310345",
            "count": 0,
            "name": "Người dùng facebook"
        },
        {
            "id": "61555757049100",
            "count": 0,
            "name": "Người dùng facebook"
        },
        {
            "id": "61554548152089",
            "count": 0,
            "name": "Người dùng facebook"
        },
        {
            "id": "100092009466021",
            "count": 0,
            "name": "Người dùng facebook"
        },
        {
            "id": "100075167103792",
            "count": 0,
            "name": "Người dùng facebook"
        },
        {
            "id": "61555628702080",
            "count": 0,
            "name": "Người dùng facebook"
        },
        {
            "id": "100093062947418",
            "count": 0,
            "name": "Người dùng facebook"
        },
        {
            "id": "100093651707607",
            "count": 0,
            "name": "Người dùng facebook"
        }
    ],
    "time": 6,
    "last": {
        "time": 4,
        "day": [
            {
                "id": "100034769501704",
                "count": 0
            },
            {
                "id": "100053590699341",
                "count": 0
            },
            {
                "id": "100064229816201",
                "count": 0
            },
            {
                "id": "100065621580145",
                "count": 0
            },
            {
                "id": "100067159502063",
                "count": 0
            },
            {
                "id": "61554393770372",
                "count": 0
            },
            {
                "id": "100075189017810",
                "count": 0
            },
            {
                "id": "100079133198997",
                "count": 0
            },
            {
                "id": "100092473432097",
                "count": 0
            },
            {
                "id": "100088161292421",
                "count": 0
            },
            {
                "id": "100092542882599",
                "count": 0
            },
            {
                "id": "100027973850566",
                "count": 0
            },
            {
                "id": "100078377173695",
                "count": 0
            },
            {
                "id": "100009193419033",
                "count": 0
            },
            {
                "id": "100093279983245",
                "count": 0
            },
            {
                "id": "100069167524692",
                "count": 0
            },
            {
                "id": "100054777971738",
                "count": 0
            },
            {
                "id": "61550507472283",
                "count": 0
            },
            {
                "id": "100090533292347",
                "count": 0
            },
            {
                "id": "61550219275428",
                "count": 0
            },
            {
                "id": "100008373421436",
                "count": 0
            },
            {
                "id": "100068096370437",
                "count": 0
            },
            {
                "id": "100028821588170",
                "count": 0
            },
            {
                "id": "100001837873386",
                "count": 0
            },
            {
                "id": "100001838241327",
                "count": 0
            },
            {
                "id": "100082734253821",
                "count": 0
            },
            {
                "id": "61550918159794",
                "count": 0
            },
            {
                "id": "100076246940212",
                "count": 0
            },
            {
                "id": "100078837387992",
                "count": 0
            },
            {
                "id": "61551945310345",
                "count": 0
            },
            {
                "id": "61555757049100",
                "count": 0
            },
            {
                "id": "61554548152089",
                "count": 0
            },
            {
                "id": "100092009466021",
                "count": 0
            },
            {
                "id": "100075167103792",
                "count": 0
            },
            {
                "id": "61555628702080",
                "count": 0
            },
            {
                "id": "100093062947418",
                "count": 0
            },
            {
                "id": "100093651707607",
                "count": 0
            }
        ],
        "week": [
            {
                "id": "100034769501704",
                "count": 0
            },
            {
                "id": "100053590699341",
                "count": 0
            },
            {
                "id": "100064229816201",
                "count": 0
            },
            {
                "id": "100065621580145",
                "count": 0
            },
            {
                "id": "100067159502063",
                "count": 0
            },
            {
                "id": "61554393770372",
                "count": 0
            },
            {
                "id": "100075189017810",
                "count": 0
            },
            {
                "id": "100079133198997",
                "count": 0
            },
            {
                "id": "100092473432097",
                "count": 0
            },
            {
                "id": "100088161292421",
                "count": 0
            },
            {
                "id": "100092542882599",
                "count": 0
            },
            {
                "id": "100027973850566",
                "count": 0
            },
            {
                "id": "100078377173695",
                "count": 0
            },
            {
                "id": "100009193419033",
                "count": 0
            },
            {
                "id": "100093279983245",
                "count": 0
            },
            {
                "id": "100069167524692",
                "count": 0
            },
            {
                "id": "100054777971738",
                "count": 0
            },
            {
                "id": "61550507472283",
                "count": 0
            },
            {
                "id": "100090533292347",
                "count": 0
            },
            {
                "id": "61550219275428",
                "count": 0
            },
            {
                "id": "100008373421436",
                "count": 0
            },
            {
                "id": "100068096370437",
                "count": 0
            },
            {
                "id": "100028821588170",
                "count": 0
            },
            {
                "id": "100001837873386",
                "count": 0
            },
            {
                "id": "100001838241327",
                "count": 0
            },
            {
                "id": "100082734253821",
                "count": 0
            },
            {
                "id": "61550918159794",
                "count": 0
            },
            {
                "id": "100076246940212",
                "count": 0
            },
            {
                "id": "100078837387992",
                "count": 0
            },
            {
                "id": "61551945310345",
                "count": 0
            },
            {
                "id": "61555757049100",
                "count": 0
            },
            {
                "id": "61554548152089",
                "count": 0
            },
            {
                "id": "100092009466021",
                "count": 0
            },
            {
                "id": "100075167103792",
                "count": 0
            },
            {
                "id": "61555628702080",
                "count": 0
            },
            {
                "id": "100093062947418",
                "count": 0
            },
            {
                "id": "100093651707607",
                "count": 0
            }
        ]
    }
}