{
    "total": [
        {
            "id": "100078992596748",
            "count": 124
        },
        {
            "id": "100001444628008",
            "count": 0
        },
        {
            "id": "100095110218166",
            "count": 129
        },
        {
            "id": "100037057812539",
            "count": 51
        },
        {
            "id": "100045694179905",
            "count": 34
        },
        {
            "id": "61553140932739",
            "count": 0
        },
        {
            "id": "100092158730495",
            "count": 143
        },
        {
            "id": "100063648333441",
            "count": 70
        },
        {
            "id": "100076614565869",
            "count": 23
        },
        {
            "id": "100088722336386",
            "count": 0
        },
        {
            "id": "100042690493017",
            "count": 0
        },
        {
            "id": "100084169082341",
            "count": 0
        },
        {
            "id": "100093814743722",
            "count": 0
        },
        {
            "id": "100091350319667",
            "count": 215
        },
        {
            "id": "61550090563160",
            "count": 0
        },
        {
            "id": "61556082638941",
            "count": 58
        },
        {
            "id": "100001577972706",
            "count": 15
        },
        {
            "id": "100004534743654",
            "count": 0
        },
        {
            "id": "100065952975500",
            "count": 5
        },
        {
            "id": "100077351032379",
            "count": 40
        },
        {
            "id": "61555972193344",
            "count": 0
        },
        {
            "id": "61556129110924",
            "count": 1
        },
        {
            "id": "1119150038",
            "count": 0
        },
        {
            "id": "100093221415734",
            "count": 254
        },
        {
            "id": "100075214447036",
            "count": 14
        },
        {
            "id": "100001674393772",
            "count": 0
        },
        {
            "id": "100000502710505",
            "count": 0
        },
        {
            "id": "61554397870059",
            "count": 15
        },
        {
            "id": "100071932323146",
            "count": 45
        },
        {
            "id": "100034389381079",
            "count": 0
        },
        {
            "id": "61550917312789",
            "count": 17
        },
        {
            "id": "61553322761667",
            "count": 0
        },
        {
            "id": "61552353222431",
            "count": 1
        },
        {
            "id": "100088704316165",
            "count": 0
        },
        {
            "id": "100004261181050",
            "count": 0
        },
        {
            "id": "100001837873386",
            "count": 0
        },
        {
            "id": "100089118820673",
            "count": 100
        },
        {
            "id": "100023274815607",
            "count": 4
        },
        {
            "id": "100093274157508",
            "count": 0
        },
        {
            "id": "100077260145158",
            "count": 0
        },
        {
            "id": "100074236520102",
            "count": 0
        },
        {
            "id": "100070486403838",
            "count": 25
        },
        {
            "id": "61555335016425",
            "count": 2
        },
        {
            "id": "61554739643576",
            "count": 1355
        },
        {
            "id": "61555883680486",
            "count": 1092
        },
        {
            "id": "100088553691936",
            "count": 106
        },
        {
            "id": "1520118598",
            "count": 124
        },
        {
            "id": "100089240376081",
            "count": 2
        },
        {
            "id": "100086281339284",
            "count": 5
        },
        {
            "id": "100081059150413",
            "count": 6
        },
        {
            "id": "100037247266911",
            "count": 0
        },
        {
            "id": "100090423611395",
            "count": 1348
        },
        {
            "id": "61550422022816",
            "count": 14
        },
        {
            "id": "100053279145775",
            "count": 17
        },
        {
            "id": "100079481971862",
            "count": 112
        },
        {
            "id": "100071489084321",
            "count": 82
        },
        {
            "id": "61556093926891",
            "count": 65
        },
        {
            "id": "100011770646089",
            "count": 3
        },
        {
            "id": "100042864066941",
            "count": 502
        },
        {
            "id": "100067230348245",
            "count": 0
        },
        {
            "id": "61555272272411",
            "count": 87
        },
        {
            "id": "100091465970067",
            "count": 10
        },
        {
            "id": "61555560447494",
            "count": 1
        },
        {
            "id": "61553803225118",
            "count": 0
        },
        {
            "id": "61550978729898",
            "count": 1
        },
        {
            "id": "100092181445413",
            "count": 0
        },
        {
            "id": "23100768",
            "count": 0
        },
        {
            "id": "100024810273342",
            "count": 0
        },
        {
            "id": "100006834527455",
            "count": 0
        },
        {
            "id": "61553983901605",
            "count": 0
        },
        {
            "id": "100087711122209",
            "count": 2
        },
        {
            "id": "61550548275719",
            "count": 0
        },
        {
            "id": "100076567922547",
            "count": 0
        },
        {
            "id": "100092876220585",
            "count": 273
        },
        {
            "id": "100091896271588",
            "count": 5
        },
        {
            "id": "100054814662367",
            "count": 97
        },
        {
            "id": "100085895302383",
            "count": 16
        },
        {
            "id": "100088225871342",
            "count": 176
        },
        {
            "id": "100073938862932",
            "count": 31
        },
        {
            "id": "100087921257710",
            "count": 5
        },
        {
            "id": "61555330281336",
            "count": 0
        },
        {
            "id": "61554301197782",
            "count": 49
        },
        {
            "id": "100064002999298",
            "count": 0
        },
        {
            "id": "61552521016761",
            "count": 5
        },
        {
            "id": "100068964342346",
            "count": 9
        },
        {
            "id": "61556348943753",
            "count": 0
        },
        {
            "id": "61556324798075",
            "count": 5
        },
        {
            "id": "61554572206940",
            "count": 0
        },
        {
            "id": "61552199496877",
            "count": 9
        },
        {
            "id": "61554408028119",
            "count": 1
        },
        {
            "id": "100071547382586",
            "count": 0
        },
        {
            "id": "1712601204",
            "count": 0
        },
        {
            "id": "100079621770288",
            "count": 0
        },
        {
            "id": "61553588927611",
            "count": 0
        },
        {
            "id": "61555870501525",
            "count": 79
        },
        {
            "id": "61556387944016",
            "count": 138
        },
        {
            "id": "61551926741137",
            "count": 0
        },
        {
            "id": "61554001520077",
            "count": 0
        },
        {
            "id": "100051358940708",
            "count": 0
        },
        {
            "id": "100085553933945",
            "count": 0
        },
        {
            "id": "100074116516261",
            "count": 3
        },
        {
            "id": "61555324470080",
            "count": 0
        },
        {
            "id": "100080310376710",
            "count": 1
        },
        {
            "id": "100068767653248",
            "count": 0
        },
        {
            "id": "100092295790735",
            "count": 148
        },
        {
            "id": "100081113792112",
            "count": 0
        },
        {
            "id": "100088911409432",
            "count": 0
        },
        {
            "id": "100089833719568",
            "count": 40
        },
        {
            "id": "100055641540505",
            "count": 3
        },
        {
            "id": "100002547976379",
            "count": 0
        },
        {
            "id": "100077478750944",
            "count": 50
        },
        {
            "id": "100071345584462",
            "count": 0
        },
        {
            "id": "100089039937769",
            "count": 0
        },
        {
            "id": "61556720574705",
            "count": 1
        },
        {
            "id": "100008373421436",
            "count": 0
        }
    ],
    "week": [
        {
            "id": "100078992596748",
            "count": 1,
            "name": "Đặng Minh Huy"
        },
        {
            "id": "100001444628008",
            "count": 0,
            "name": "Lê Hải Đăng"
        },
        {
            "id": "100095110218166",
            "count": 5,
            "name": "𓆤 𓂄𓆩𑁍𓆪𓂁 卐𓏪𓉚𓆣 𝐍𝐠𝐮𝐲𝐞𝐧 𝐕𝐚𝐧 𝐐𝐮𝐲 𓉛𓏪卐 𖤍 𓂄𓆩𑁍𓆪𓂁 𒈒                                   ⁎"
        },
        {
            "id": "100037057812539",
            "count": 0,
            "name": "Tiến Tiến"
        },
        {
            "id": "100045694179905",
            "count": 0,
            "name": "Nguyen Duc Phan"
        },
        {
            "id": "61553140932739",
            "count": 0,
            "name": "𓂄𓆩𑁍𓆪𓂁Từng Giọt Nước Mắt Đắng Vẫn Thấm Ướt Trên Môi𓅂Vì Trong Lòng Anh Chỉ Có Yêu Một Mình Em Thôi𓅓Cũng Không Thể Xóa Hết Nỗi Buồn Cũng Không Thể Xóa Hết Nỗi Nhớ𓆉Trong Con Tim Anh Vụn Vỡ𓃰Phải Làm Sao Để Quên Đi Hết Những Ký Ức Năm Xưa𓆤Dù Anh Đã Cố Níu Kéo Bước Em Trong Mưa𓅚Thôi Đành Ôm Riêng Mình Anh Nỗi Xót Xa Từ Đây 𓂄𓆩𑁍𓆪𓂁"
        },
        {
            "id": "100092158730495",
            "count": 1,
            "name": "H Khanh Vy"
        },
        {
            "id": "100063648333441",
            "count": 10,
            "name": "Mona Samiyu"
        },
        {
            "id": "100076614565869",
            "count": 0,
            "name": "Lê Hải Đăng"
        },
        {
            "id": "100088722336386",
            "count": 0,
            "name": "Hoang Long"
        },
        {
            "id": "100042690493017",
            "count": 0,
            "name": "Hoang Trung Hieu"
        },
        {
            "id": "100084169082341",
            "count": 0,
            "name": "𝑯𝒐𝒂̀𝒏𝒈 𝑳𝒐𝒏𝒈 𓆉"
        },
        {
            "id": "100093814743722",
            "count": 0,
            "name": "Hoang Tuann"
        },
        {
            "id": "100091350319667",
            "count": 70,
            "name": "Khánh Duyên"
        },
        {
            "id": "61550090563160",
            "count": 0,
            "name": "Lục Tử Hà"
        },
        {
            "id": "61556082638941",
            "count": 0,
            "name": "Ngô Vương Tiền"
        },
        {
            "id": "100001577972706",
            "count": 1,
            "name": "Nguyễn Hoàng Hậu"
        },
        {
            "id": "100004534743654",
            "count": 0,
            "name": "𓂄𓆩𑁍𓆪𓂁Dưới Cơn Mưa Chẳng Ai Đón Đưa Chỉ Có Anh Luôn Nhìn Em Dưới Mưa 𑁍 Lặng Thầm Chịu Phải Trái Đắng Nữa Biết Bao Nhiêu Mới Vừa 𓆫 Ngồi Ngóng Trông Ai Mà Anh Cứ Mong Thấy Em Buồn Là Đau Xé Lòng 𓆡 Từng Giọt Lệ Em Vẫn Cứ Khóc Cố Nuốt Ngược Vào Trong 𓆢 Chạy Theo Chân Cơn Sóng Đi Tìm Ai Ở Nơi Xa Xôi 𓃹 Trời Hôm Nay Tắt Nắng Rồi Trong Căn Phòng Tăm Tối 𓃟 Vì Nghe Câu Nói Dối Nên "
        },
        {
            "id": "100065952975500",
            "count": 0,
            "name": "Phong Đoàn"
        },
        {
            "id": "100077351032379",
            "count": 10,
            "name": "Trịnh'ss Ngọc'ss Tự'ss"
        },
        {
            "id": "61555972193344",
            "count": 0,
            "name": "Trịnh Hoàng Đức Duy"
        },
        {
            "id": "61556129110924",
            "count": 0,
            "name": "Trịnh.H.Đức Duy"
        },
        {
            "id": "1119150038",
            "count": 0,
            "name": "𓂄𓆩𑁍𓆪𓂁 𝒏𝒉𝒊́𝒎 𝒔𝒂𝒅𝒃𝒐𝒚 𝒚𝒆̂𝒖 𝒆𝒎 Ở 𝒎𝒐̣𝒊 𝒗𝒖̃ 𝒕𝒓𝒖̣ 𓆤"
        },
        {
            "id": "100093221415734",
            "count": 0,
            "name": "Ma Nhật Long"
        },
        {
            "id": "100075214447036",
            "count": 0,
            "name": "Y Anh Bkrongg"
        },
        {
            "id": "100001674393772",
            "count": 0,
            "name": "Nguyễn Trọng Nghĩa Hana"
        },
        {
            "id": "100000502710505",
            "count": 0,
            "name": "Lê Đức Tài"
        },
        {
            "id": "61554397870059",
            "count": 0,
            "name": "Nhật Minh"
        },
        {
            "id": "100071932323146",
            "count": 9,
            "name": "Đth Hânn"
        },
        {
            "id": "100034389381079",
            "count": 0,
            "name": "Aevm Đấng Sàn War"
        },
        {
            "id": "61550917312789",
            "count": 0,
            "name": "Như Ng"
        },
        {
            "id": "61553322761667",
            "count": 0,
            "name": "Nếu Yêu em là sai Thì Ak Đây ko Cần đúng"
        },
        {
            "id": "61552353222431",
            "count": 0,
            "name": "mẹ thiên hạ -.-"
        },
        {
            "id": "100088704316165",
            "count": 0,
            "name": "Địt Mẹ Chúng Mày Tuổi Lồn Lồn Lồn Lồn Lồn Lồn Lồn Lồn Lồn Ăn Tao"
        },
        {
            "id": "100004261181050",
            "count": 0,
            "name": "𓂄𓆩𑁍𓆪𓂁Baby Can You Kiss Me𑁍Ở Sâu Trong Tâm Trí𓆡Bàn Tay Em Sát Bên Anh𓆉Anh Có Thể Được Nắm Chặt Lấy𓆏Nếu Đây Là Giấc Mơ Thì Hãy Để Anh Chìm Thật Sâu𓅓Anh Không Muốn Thức Dậy Để Lỡ Vụt Mất Em Nữa Đâu𓆣Nếu Em Có Giống Anh Thì Hãy Đưa Tay Chạm Vào Nhau𓆤Vì Anh Tin Phép Nhiệm Màu Sẽ Biến Thành Sự Thật 𓅥Www.Defloration.Biz𓇼"
        },
        {
            "id": "100001837873386",
            "count": 0,
            "name": "Trần Thị Kim Anh"
        },
        {
            "id": "100089118820673",
            "count": 0,
            "name": "𝑴𝒆𝒐 𝒎𝒆𝒐"
        },
        {
            "id": "100023274815607",
            "count": 0,
            "name": "Nguyễn Xuân Hoàng"
        },
        {
            "id": "100093274157508",
            "count": 0,
            "name": "Bi Phan"
        },
        {
            "id": "100077260145158",
            "count": 0,
            "name": "Nguyen Hoang Trang Anh"
        },
        {
            "id": "100074236520102",
            "count": 0,
            "name": "ᏮᏮᏮᏮᏮ ᏮᏮᏮᏮᏮ"
        },
        {
            "id": "100070486403838",
            "count": 0,
            "name": "Gia Hân"
        },
        {
            "id": "61555335016425",
            "count": 0,
            "name": "tthien meo meo -.-"
        },
        {
            "id": "61554739643576",
            "count": 1,
            "name": "Hoang Nam"
        },
        {
            "id": "61555883680486",
            "count": 0,
            "name": "Việt Ang"
        },
        {
            "id": "100088553691936",
            "count": 0,
            "name": "ʚTrần Thị Kim Ngânʚ"
        },
        {
            "id": "1520118598",
            "count": 11,
            "name": "True Ky"
        },
        {
            "id": "100089240376081",
            "count": 0,
            "name": "Nobi Nobita"
        },
        {
            "id": "100086281339284",
            "count": 0,
            "name": "Hải Diggory"
        },
        {
            "id": "100081059150413",
            "count": 0,
            "name": "𝙏𝙧𝙪̛𝙤̛𝙣𝙜 𝙑𝙖̆𝙣 𝙏𝙝𝙖𝙣𝙝 𓆏"
        },
        {
            "id": "100037247266911",
            "count": 0,
            "name": "Ng Thaii Anhh"
        },
        {
            "id": "100090423611395",
            "count": 131,
            "name": "Bach Le Tly"
        },
        {
            "id": "61550422022816",
            "count": 0,
            "name": "Kitty Cuti Vcl"
        },
        {
            "id": "100053279145775",
            "count": 0,
            "name": "Thuc Uyenn"
        },
        {
            "id": "100079481971862",
            "count": 0,
            "name": "Tr Tri Bao"
        },
        {
            "id": "100071489084321",
            "count": 0,
            "name": "Việt Annh"
        },
        {
            "id": "61556093926891",
            "count": 0,
            "name": "Ph Nhat Khang"
        },
        {
            "id": "100011770646089",
            "count": 0,
            "name": "Chip Xinhh"
        },
        {
            "id": "100042864066941",
            "count": 0,
            "name": "Ng Ha Linh"
        },
        {
            "id": "100067230348245",
            "count": 0,
            "name": "Người dùng facebook"
        },
        {
            "id": "61555272272411",
            "count": 0,
            "name": "ng khanh nhi."
        },
        {
            "id": "100091465970067",
            "count": 0,
            "name": "Hoàng Hải"
        },
        {
            "id": "61555560447494",
            "count": 0,
            "name": "️️️️️️️️️️️️️️️️️️️️️️️️️️️️️️️️️️️️️️️️️️️️️️️️️️️️️️️️️️️️️️️️️️️️️️️️️️️️️️️️️️️️️️️️️️️️️️️️️️️️️️️️️️️️️️️️️️️️️️️️️️️️️️️️️️️️️️️️️️️️️️️️️️️️️️️️️️️️️️️️️️️️️️️️️️"
        },
        {
            "id": "61553803225118",
            "count": 0,
            "name": "Người dùng facebook"
        },
        {
            "id": "61550978729898",
            "count": 0,
            "name": "Sống Về Đêm"
        },
        {
            "id": "100092181445413",
            "count": 0,
            "name": "Người dùng facebook"
        },
        {
            "id": "23100768",
            "count": 0,
            "name": "Người dùng facebook"
        },
        {
            "id": "100024810273342",
            "count": 0,
            "name": "Người dùng facebook"
        },
        {
            "id": "100006834527455",
            "count": 0,
            "name": "Người dùng facebook"
        },
        {
            "id": "61553983901605",
            "count": 0,
            "name": "Người dùng facebook"
        },
        {
            "id": "100087711122209",
            "count": 0,
            "name": "PH Đức Thịnh"
        },
        {
            "id": "61550548275719",
            "count": 0,
            "name": "Người dùng facebook"
        },
        {
            "id": "100076567922547",
            "count": 0,
            "name": "Người dùng facebook"
        },
        {
            "id": "100092876220585",
            "count": 32,
            "name": "Trần Bạch Minh Tuệ"
        },
        {
            "id": "100091896271588",
            "count": 0,
            "name": "Chí Trọng"
        },
        {
            "id": "100054814662367",
            "count": 0,
            "name": "𓆉 Có Lẽ Anh Đã Quá Yêu Em 𓃔 Và Rồi Nhận Ra 𓃬 Em Mang Cho Ta Những Đắng Cay 𓀁 Và Có Lẽ Anh Đã Quá Thương Em 𓆤 Giờ Còn Hư Vô 𓁔 Anh Muốn Vùi Chôn Bao Tháng Ngày 𓅄 Em Đã Xa Anh 𓃹 Vào Trong Một Chiều Mưa Bay 𓂄𓆩𑁍𓆪𓂁 Mang Những Yêu Thương 𓅋 Hòa Du Câu Ca Với Mây 𓃠 Quên Hết Đi Bao Ngày 𓃟 Còn Đọng Lại Trong Nơi Tim 𓅘 Anh Biết Những Chân Thành 𓅕 Sẽ Không Dành Cho Anh"
        },
        {
            "id": "100085895302383",
            "count": 4,
            "name": "Tố Trân"
        },
        {
            "id": "100088225871342",
            "count": 0,
            "name": "To Tran"
        },
        {
            "id": "100073938862932",
            "count": 0,
            "name": "Tuệ Nhi"
        },
        {
            "id": "100087921257710",
            "count": 0,
            "name": "Ng Thuy Dung"
        },
        {
            "id": "61555330281336",
            "count": 0,
            "name": "Người dùng facebook"
        },
        {
            "id": "61554301197782",
            "count": 0,
            "name": "Eim Chít"
        },
        {
            "id": "100064002999298",
            "count": 0,
            "name": "Người dùng facebook"
        },
        {
            "id": "61552521016761",
            "count": 1,
            "name": "ꕤ̤̤̤̈̈̈⃣̳̳̳̳̳̳̳̳̳̳̿̿̿̿̿̿̿̿̿̿⃢⃣̳̳̳̳̳̳̳̳̳̳̿̿̿̿̿̿̿̿̿̿ꗥ̳̳̳̳̳̳̳̳̳̳̿̿̿̿̿̿̿̿̿̿⃟ ꗥꔸꔸ ꗥ⃟ꗥ̳̳̳̳̳̳̳̳̳̳̿̿̿̿̿̿̿̿̿̿⃣̳̳̳̳̳̳̳̳̳̳̿̿̿̿̿̿̿̿̿̿⃢⃣̳̳̳̳̳̳̳̳̳̳̿̿̿̿̿̿̿̿̿̿ꕤ̤̤̤̈̈̈"
        },
        {
            "id": "100068964342346",
            "count": 2,
            "name": "Phạm Hải Đăng"
        },
        {
            "id": "61556348943753",
            "count": 0,
            "name": "Người dùng facebook"
        },
        {
            "id": "61556324798075",
            "count": 1,
            "name": "ᕮ̸̿̿̿̿̿̿̿̿̿ᕭ̸̿̿̿̿̿̿̿̿̿̿ᕮ̷̷̷̿̿̿̿̿̿̿̿̿̿̿ᕭ̸̿̿̿̿̿̿̿̿̿ ᕮ̸̸̸̿̿̿̿̿̿̿̿̿̿ᕭ̸̿̿̿̿̿̿̿̿̿̿ᕮ̸̿̿̿̿̿̿̿̿̿ᕭ̸̿̿̿̿̿̿̿̿̿̿ ᕭ̷̷̿̿̿̿̿̿̿̿̿ᕮ̸̿̿̿̿̿̿̿̿̿ᕭ̸̿̿̿̿̿̿̿̿̿ᕮ̸̸̿̿̿̿̿̿̿̿̿̿ᕭ̸̿̿̿̿̿̿̿̿"
        },
        {
            "id": "61554572206940",
            "count": 0,
            "name": "Người dùng facebook"
        },
        {
            "id": "61552199496877",
            "count": 0,
            "name": "Cự Linh Thần"
        },
        {
            "id": "61554408028119",
            "count": 0,
            "name": "Thượng Huyền Tam Akaza"
        },
        {
            "id": "100071547382586",
            "count": 0,
            "name": "Người dùng facebook"
        },
        {
            "id": "1712601204",
            "count": 0,
            "name": "Người dùng facebook"
        },
        {
            "id": "100079621770288",
            "count": 0,
            "name": "Người dùng facebook"
        },
        {
            "id": "61553588927611",
            "count": 0,
            "name": "Người dùng facebook"
        },
        {
            "id": "61555870501525",
            "count": 2,
            "name": "Họ Tên"
        },
        {
            "id": "61556387944016",
            "count": 101,
            "name": "Do Khanh"
        },
        {
            "id": "61551926741137",
            "count": 0,
            "name": "Người dùng facebook"
        },
        {
            "id": "61554001520077",
            "count": 0,
            "name": "Người dùng facebook"
        },
        {
            "id": "100051358940708",
            "count": 0,
            "name": "Người dùng facebook"
        },
        {
            "id": "100085553933945",
            "count": 0,
            "name": "Người dùng facebook"
        },
        {
            "id": "100074116516261",
            "count": 0,
            "name": "Tuấn Vỹ"
        },
        {
            "id": "61555324470080",
            "count": 0,
            "name": "Người dùng facebook"
        },
        {
            "id": "100080310376710",
            "count": 1,
            "name": "Người dùng facebook"
        },
        {
            "id": "100068767653248",
            "count": 0,
            "name": "Ng Tchi"
        },
        {
            "id": "100092295790735",
            "count": 148
        },
        {
            "id": "100081113792112",
            "count": 0
        },
        {
            "id": "100088911409432",
            "count": 0
        },
        {
            "id": "100089833719568",
            "count": 40
        },
        {
            "id": "100055641540505",
            "count": 3
        },
        {
            "id": "100002547976379",
            "count": 0
        },
        {
            "id": "100077478750944",
            "count": 50
        },
        {
            "id": "100071345584462",
            "count": 0
        },
        {
            "id": "100089039937769",
            "count": 0
        },
        {
            "id": "61556720574705",
            "count": 1
        },
        {
            "id": "100008373421436",
            "count": 0
        }
    ],
    "day": [
        {
            "id": "100078992596748",
            "count": 0,
            "name": "Người dùng facebook"
        },
        {
            "id": "100001444628008",
            "count": 0,
            "name": "Người dùng facebook"
        },
        {
            "id": "100095110218166",
            "count": 0,
            "name": "Người dùng facebook"
        },
        {
            "id": "100037057812539",
            "count": 0,
            "name": "Người dùng facebook"
        },
        {
            "id": "100045694179905",
            "count": 0,
            "name": "Người dùng facebook"
        },
        {
            "id": "61553140932739",
            "count": 0,
            "name": "Người dùng facebook"
        },
        {
            "id": "100092158730495",
            "count": 0,
            "name": "Người dùng facebook"
        },
        {
            "id": "100063648333441",
            "count": 0,
            "name": "Người dùng facebook"
        },
        {
            "id": "100076614565869",
            "count": 0,
            "name": "Người dùng facebook"
        },
        {
            "id": "100088722336386",
            "count": 0,
            "name": "Người dùng facebook"
        },
        {
            "id": "100042690493017",
            "count": 0,
            "name": "Người dùng facebook"
        },
        {
            "id": "100084169082341",
            "count": 0,
            "name": "Người dùng facebook"
        },
        {
            "id": "100093814743722",
            "count": 0,
            "name": "Người dùng facebook"
        },
        {
            "id": "100091350319667",
            "count": 0,
            "name": "Người dùng facebook"
        },
        {
            "id": "61550090563160",
            "count": 0,
            "name": "Người dùng facebook"
        },
        {
            "id": "61556082638941",
            "count": 0,
            "name": "Người dùng facebook"
        },
        {
            "id": "100001577972706",
            "count": 0,
            "name": "Người dùng facebook"
        },
        {
            "id": "100004534743654",
            "count": 0,
            "name": "Người dùng facebook"
        },
        {
            "id": "100065952975500",
            "count": 0,
            "name": "Người dùng facebook"
        },
        {
            "id": "100077351032379",
            "count": 0,
            "name": "Người dùng facebook"
        },
        {
            "id": "61555972193344",
            "count": 0,
            "name": "Người dùng facebook"
        },
        {
            "id": "61556129110924",
            "count": 0,
            "name": "Người dùng facebook"
        },
        {
            "id": "1119150038",
            "count": 0,
            "name": "Người dùng facebook"
        },
        {
            "id": "100093221415734",
            "count": 0,
            "name": "Người dùng facebook"
        },
        {
            "id": "100075214447036",
            "count": 0,
            "name": "Người dùng facebook"
        },
        {
            "id": "100001674393772",
            "count": 0,
            "name": "Người dùng facebook"
        },
        {
            "id": "100000502710505",
            "count": 0,
            "name": "Người dùng facebook"
        },
        {
            "id": "61554397870059",
            "count": 0,
            "name": "Người dùng facebook"
        },
        {
            "id": "100071932323146",
            "count": 0,
            "name": "Người dùng facebook"
        },
        {
            "id": "100034389381079",
            "count": 0,
            "name": "Người dùng facebook"
        },
        {
            "id": "61550917312789",
            "count": 0,
            "name": "Người dùng facebook"
        },
        {
            "id": "61553322761667",
            "count": 0,
            "name": "Người dùng facebook"
        },
        {
            "id": "61552353222431",
            "count": 0,
            "name": "Người dùng facebook"
        },
        {
            "id": "100088704316165",
            "count": 0,
            "name": "Người dùng facebook"
        },
        {
            "id": "100004261181050",
            "count": 0,
            "name": "Người dùng facebook"
        },
        {
            "id": "100001837873386",
            "count": 0,
            "name": "Trần Thị Kim Anh"
        },
        {
            "id": "100089118820673",
            "count": 0,
            "name": "Người dùng facebook"
        },
        {
            "id": "100023274815607",
            "count": 0,
            "name": "Người dùng facebook"
        },
        {
            "id": "100093274157508",
            "count": 0,
            "name": "Người dùng facebook"
        },
        {
            "id": "100077260145158",
            "count": 0,
            "name": "Người dùng facebook"
        },
        {
            "id": "100074236520102",
            "count": 0,
            "name": "Người dùng facebook"
        },
        {
            "id": "100070486403838",
            "count": 0,
            "name": "Người dùng facebook"
        },
        {
            "id": "61555335016425",
            "count": 0,
            "name": "Người dùng facebook"
        },
        {
            "id": "61554739643576",
            "count": 0,
            "name": "Người dùng facebook"
        },
        {
            "id": "61555883680486",
            "count": 0,
            "name": "Người dùng facebook"
        },
        {
            "id": "100088553691936",
            "count": 0,
            "name": "Người dùng facebook"
        },
        {
            "id": "1520118598",
            "count": 0,
            "name": "Người dùng facebook"
        },
        {
            "id": "100089240376081",
            "count": 0,
            "name": "Người dùng facebook"
        },
        {
            "id": "100086281339284",
            "count": 0,
            "name": "Người dùng facebook"
        },
        {
            "id": "100081059150413",
            "count": 0,
            "name": "Người dùng facebook"
        },
        {
            "id": "100037247266911",
            "count": 0,
            "name": "Người dùng facebook"
        },
        {
            "id": "100090423611395",
            "count": 0,
            "name": "Người dùng facebook"
        },
        {
            "id": "61550422022816",
            "count": 0,
            "name": "Người dùng facebook"
        },
        {
            "id": "100053279145775",
            "count": 0,
            "name": "Người dùng facebook"
        },
        {
            "id": "100079481971862",
            "count": 0,
            "name": "Người dùng facebook"
        },
        {
            "id": "100071489084321",
            "count": 0,
            "name": "Người dùng facebook"
        },
        {
            "id": "61556093926891",
            "count": 0,
            "name": "Người dùng facebook"
        },
        {
            "id": "100011770646089",
            "count": 0,
            "name": "Người dùng facebook"
        },
        {
            "id": "100042864066941",
            "count": 0,
            "name": "Người dùng facebook"
        },
        {
            "id": "100067230348245",
            "count": 0,
            "name": "Người dùng facebook"
        },
        {
            "id": "61555272272411",
            "count": 0,
            "name": "Người dùng facebook"
        },
        {
            "id": "100091465970067",
            "count": 0,
            "name": "Người dùng facebook"
        },
        {
            "id": "61555560447494",
            "count": 0,
            "name": "Người dùng facebook"
        },
        {
            "id": "61553803225118",
            "count": 0,
            "name": "Người dùng facebook"
        },
        {
            "id": "61550978729898",
            "count": 0,
            "name": "Người dùng facebook"
        },
        {
            "id": "100092181445413",
            "count": 0,
            "name": "Người dùng facebook"
        },
        {
            "id": "23100768",
            "count": 0,
            "name": "Người dùng facebook"
        },
        {
            "id": "100024810273342",
            "count": 0,
            "name": "Người dùng facebook"
        },
        {
            "id": "100006834527455",
            "count": 0,
            "name": "Người dùng facebook"
        },
        {
            "id": "61553983901605",
            "count": 0,
            "name": "Người dùng facebook"
        },
        {
            "id": "100087711122209",
            "count": 0,
            "name": "Người dùng facebook"
        },
        {
            "id": "61550548275719",
            "count": 0,
            "name": "Người dùng facebook"
        },
        {
            "id": "100076567922547",
            "count": 0,
            "name": "Người dùng facebook"
        },
        {
            "id": "100092876220585",
            "count": 0,
            "name": "Người dùng facebook"
        },
        {
            "id": "100091896271588",
            "count": 0,
            "name": "Người dùng facebook"
        },
        {
            "id": "100054814662367",
            "count": 0,
            "name": "Người dùng facebook"
        },
        {
            "id": "100085895302383",
            "count": 0,
            "name": "Người dùng facebook"
        },
        {
            "id": "100088225871342",
            "count": 0,
            "name": "Người dùng facebook"
        },
        {
            "id": "100073938862932",
            "count": 0,
            "name": "Người dùng facebook"
        },
        {
            "id": "100087921257710",
            "count": 0,
            "name": "Người dùng facebook"
        },
        {
            "id": "61555330281336",
            "count": 0,
            "name": "Người dùng facebook"
        },
        {
            "id": "61554301197782",
            "count": 0,
            "name": "Người dùng facebook"
        },
        {
            "id": "100064002999298",
            "count": 0,
            "name": "Người dùng facebook"
        },
        {
            "id": "61552521016761",
            "count": 0,
            "name": "Người dùng facebook"
        },
        {
            "id": "100068964342346",
            "count": 0,
            "name": "Người dùng facebook"
        },
        {
            "id": "61556348943753",
            "count": 0,
            "name": "Người dùng facebook"
        },
        {
            "id": "61556324798075",
            "count": 0,
            "name": "Người dùng facebook"
        },
        {
            "id": "61554572206940",
            "count": 0,
            "name": "Người dùng facebook"
        },
        {
            "id": "61552199496877",
            "count": 0,
            "name": "Người dùng facebook"
        },
        {
            "id": "61554408028119",
            "count": 0,
            "name": "Người dùng facebook"
        },
        {
            "id": "100071547382586",
            "count": 0,
            "name": "Người dùng facebook"
        },
        {
            "id": "1712601204",
            "count": 0,
            "name": "Người dùng facebook"
        },
        {
            "id": "100079621770288",
            "count": 0,
            "name": "Người dùng facebook"
        },
        {
            "id": "61553588927611",
            "count": 0,
            "name": "Người dùng facebook"
        },
        {
            "id": "61555870501525",
            "count": 0,
            "name": "Người dùng facebook"
        },
        {
            "id": "61556387944016",
            "count": 0,
            "name": "Người dùng facebook"
        },
        {
            "id": "61551926741137",
            "count": 0,
            "name": "Người dùng facebook"
        },
        {
            "id": "61554001520077",
            "count": 0,
            "name": "Người dùng facebook"
        },
        {
            "id": "100051358940708",
            "count": 0,
            "name": "Người dùng facebook"
        },
        {
            "id": "100085553933945",
            "count": 0,
            "name": "Người dùng facebook"
        },
        {
            "id": "100074116516261",
            "count": 0,
            "name": "Người dùng facebook"
        },
        {
            "id": "61555324470080",
            "count": 0,
            "name": "Người dùng facebook"
        },
        {
            "id": "100080310376710",
            "count": 0,
            "name": "Người dùng facebook"
        },
        {
            "id": "100068767653248",
            "count": 0,
            "name": "Người dùng facebook"
        },
        {
            "id": "100092295790735",
            "count": 0,
            "name": "Người dùng facebook"
        },
        {
            "id": "100081113792112",
            "count": 0,
            "name": "Người dùng facebook"
        },
        {
            "id": "100088911409432",
            "count": 0,
            "name": "Người dùng facebook"
        },
        {
            "id": "100089833719568",
            "count": 0,
            "name": "Người dùng facebook"
        },
        {
            "id": "100055641540505",
            "count": 0,
            "name": "Người dùng facebook"
        },
        {
            "id": "100002547976379",
            "count": 0,
            "name": "Người dùng facebook"
        },
        {
            "id": "100077478750944",
            "count": 0,
            "name": "Người dùng facebook"
        },
        {
            "id": "100071345584462",
            "count": 0,
            "name": "Người dùng facebook"
        },
        {
            "id": "100089039937769",
            "count": 0,
            "name": "Người dùng facebook"
        },
        {
            "id": "61556720574705",
            "count": 0,
            "name": "Người dùng facebook"
        },
        {
            "id": "100008373421436",
            "count": 0,
            "name": "Người dùng Facebook"
        }
    ],
    "time": 6,
    "last": {
        "time": 4,
        "day": [
            {
                "id": "100078992596748",
                "count": 0
            },
            {
                "id": "100001444628008",
                "count": 0
            },
            {
                "id": "100088875499633",
                "count": 0
            },
            {
                "id": "100095110218166",
                "count": 0
            },
            {
                "id": "100037057812539",
                "count": 0
            },
            {
                "id": "100081113792112",
                "count": 0
            },
            {
                "id": "100092876220585",
                "count": 0
            },
            {
                "id": "100065719684789",
                "count": 0
            },
            {
                "id": "100045694179905",
                "count": 0
            },
            {
                "id": "61553140932739",
                "count": 0
            },
            {
                "id": "100092158730495",
                "count": 0
            },
            {
                "id": "100063648333441",
                "count": 0
            },
            {
                "id": "100091465970067",
                "count": 0
            },
            {
                "id": "100076614565869",
                "count": 0
            },
            {
                "id": "100088722336386",
                "count": 0
            },
            {
                "id": "100011214733980",
                "count": 0
            },
            {
                "id": "100042690493017",
                "count": 0
            },
            {
                "id": "100084169082341",
                "count": 0
            },
            {
                "id": "100093814743722",
                "count": 0
            },
            {
                "id": "100091350319667",
                "count": 0
            },
            {
                "id": "61550090563160",
                "count": 0
            },
            {
                "id": "100083232667516",
                "count": 0
            },
            {
                "id": "61556082638941",
                "count": 0
            },
            {
                "id": "100001577972706",
                "count": 0
            },
            {
                "id": "100074976541598",
                "count": 0
            },
            {
                "id": "100004534743654",
                "count": 0
            },
            {
                "id": "100065952975500",
                "count": 0
            },
            {
                "id": "100077351032379",
                "count": 0
            },
            {
                "id": "61555972193344",
                "count": 0
            },
            {
                "id": "61556129110924",
                "count": 0
            },
            {
                "id": "61551667916294",
                "count": 0
            },
            {
                "id": "100094868800169",
                "count": 0
            },
            {
                "id": "1119150038",
                "count": 0
            },
            {
                "id": "100093221415734",
                "count": 0
            },
            {
                "id": "100075214447036",
                "count": 0
            },
            {
                "id": "100055606005394",
                "count": 0
            },
            {
                "id": "100001674393772",
                "count": 0
            },
            {
                "id": "100000502710505",
                "count": 0
            },
            {
                "id": "61554397870059",
                "count": 0
            },
            {
                "id": "100071932323146",
                "count": 0
            },
            {
                "id": "100034389381079",
                "count": 0
            },
            {
                "id": "61550917312789",
                "count": 0
            },
            {
                "id": "61555803503297",
                "count": 0
            },
            {
                "id": "61553322761667",
                "count": 0
            },
            {
                "id": "61552353222431",
                "count": 0
            },
            {
                "id": "100088704316165",
                "count": 0
            },
            {
                "id": "100004261181050",
                "count": 0
            },
            {
                "id": "100076515777756",
                "count": 0
            },
            {
                "id": "61554576101898",
                "count": 0
            },
            {
                "id": "100001837873386",
                "count": 0
            },
            {
                "id": "100009193419033",
                "count": 0
            },
            {
                "id": "100089118820673",
                "count": 0
            },
            {
                "id": "100023274815607",
                "count": 0
            },
            {
                "id": "100086086427935",
                "count": 0
            },
            {
                "id": "100093274157508",
                "count": 0
            },
            {
                "id": "100077260145158",
                "count": 0
            },
            {
                "id": "100074236520102",
                "count": 0
            },
            {
                "id": "100070486403838",
                "count": 0
            },
            {
                "id": "61555335016425",
                "count": 0
            },
            {
                "id": "100071489084321",
                "count": 0
            },
            {
                "id": "61554739643576",
                "count": 0
            },
            {
                "id": "61555883680486",
                "count": 0
            },
            {
                "id": "100088553691936",
                "count": 0
            },
            {
                "id": "1520118598",
                "count": 0
            },
            {
                "id": "100089240376081",
                "count": 0
            },
            {
                "id": "100089198838932",
                "count": 0
            },
            {
                "id": "100086281339284",
                "count": 0
            },
            {
                "id": "100081059150413",
                "count": 0
            },
            {
                "id": "100037247266911",
                "count": 0
            },
            {
                "id": "100086191313546",
                "count": 0
            },
            {
                "id": "100090423611395",
                "count": 0
            },
            {
                "id": "100089833719568",
                "count": 0
            },
            {
                "id": "61550422022816",
                "count": 0
            },
            {
                "id": "100086520241119",
                "count": 0
            },
            {
                "id": "61550055032525",
                "count": 0
            },
            {
                "id": "100083978956806",
                "count": 0
            },
            {
                "id": "61551100246971",
                "count": 0
            },
            {
                "id": "100082647211979",
                "count": 0
            },
            {
                "id": "100074278195157",
                "count": 0
            },
            {
                "id": "100053279145775",
                "count": 0
            },
            {
                "id": "100079481971862",
                "count": 0
            },
            {
                "id": "61556268549319",
                "count": 0
            },
            {
                "id": "61556093926891",
                "count": 0
            },
            {
                "id": "100011770646089",
                "count": 0
            },
            {
                "id": "100042864066941",
                "count": 0
            },
            {
                "id": "100067230348245",
                "count": 0
            },
            {
                "id": "100055641540505",
                "count": 0
            },
            {
                "id": "61556461770252",
                "count": 0
            },
            {
                "id": "61555272272411",
                "count": 0
            },
            {
                "id": "100082155552903",
                "count": 0
            },
            {
                "id": "100093492935003",
                "count": 0
            },
            {
                "id": "100083534761467",
                "count": 0
            },
            {
                "id": "100085186061317",
                "count": 0
            },
            {
                "id": "61555633050729",
                "count": 0
            },
            {
                "id": "61555560447494",
                "count": 0
            },
            {
                "id": "61553803225118",
                "count": 0
            },
            {
                "id": "100087669463059",
                "count": 0
            },
            {
                "id": "100091896271588",
                "count": 0
            },
            {
                "id": "61550978729898",
                "count": 0
            },
            {
                "id": "100001453299959",
                "count": 0
            },
            {
                "id": "100092037077828",
                "count": 0
            },
            {
                "id": "100064682935720",
                "count": 0
            },
            {
                "id": "100092181445413",
                "count": 0
            },
            {
                "id": "100078897550031",
                "count": 0
            },
            {
                "id": "100079099577300",
                "count": 0
            },
            {
                "id": "23100768",
                "count": 0
            },
            {
                "id": "61556119291781",
                "count": 0
            },
            {
                "id": "100024810273342",
                "count": 0
            },
            {
                "id": "100006834527455",
                "count": 0
            },
            {
                "id": "61553983901605",
                "count": 0
            },
            {
                "id": "100087711122209",
                "count": 0
            },
            {
                "id": "100053197657964",
                "count": 0
            },
            {
                "id": "61550548275719",
                "count": 0
            },
            {
                "id": "100083009944679",
                "count": 0
            },
            {
                "id": "100076567922547",
                "count": 0
            },
            {
                "id": "1712601204",
                "count": 0
            },
            {
                "id": "61555626685768",
                "count": 0
            },
            {
                "id": "100080000343464",
                "count": 0
            },
            {
                "id": "100088507428187",
                "count": 0
            },
            {
                "id": "100081575238051",
                "count": 0
            },
            {
                "id": "100054814662367",
                "count": 0
            },
            {
                "id": "61555348139291",
                "count": 0
            },
            {
                "id": "100085895302383",
                "count": 0
            },
            {
                "id": "100088225871342",
                "count": 0
            },
            {
                "id": "100073938862932",
                "count": 0
            },
            {
                "id": "61552483303667",
                "count": 0
            },
            {
                "id": "100087921257710",
                "count": 0
            },
            {
                "id": "100088840031388",
                "count": 0
            },
            {
                "id": "61555330281336",
                "count": 0
            },
            {
                "id": "61554301197782",
                "count": 0
            },
            {
                "id": "100068767653248",
                "count": 0
            },
            {
                "id": "100064002999298",
                "count": 0
            },
            {
                "id": "61555518217996",
                "count": 0
            },
            {
                "id": "100010555753678",
                "count": 0
            },
            {
                "id": "61552521016761",
                "count": 0
            },
            {
                "id": "100068964342346",
                "count": 0
            },
            {
                "id": "61556348943753",
                "count": 0
            },
            {
                "id": "61556324798075",
                "count": 0
            },
            {
                "id": "61554572206940",
                "count": 0
            },
            {
                "id": "61552199496877",
                "count": 0
            },
            {
                "id": "100081023208334",
                "count": 0
            },
            {
                "id": "100093040238510",
                "count": 0
            },
            {
                "id": "61554408028119",
                "count": 0
            },
            {
                "id": "61555193655009",
                "count": 0
            },
            {
                "id": "100071547382586",
                "count": 0
            },
            {
                "id": "100079621770288",
                "count": 0
            },
            {
                "id": "61553588927611",
                "count": 0
            },
            {
                "id": "61555870501525",
                "count": 0
            },
            {
                "id": "61556387944016",
                "count": 0
            },
            {
                "id": "61551926741137",
                "count": 0
            },
            {
                "id": "61554001520077",
                "count": 0
            },
            {
                "id": "100051358940708",
                "count": 0
            },
            {
                "id": "100090559263016",
                "count": 0
            },
            {
                "id": "100085553933945",
                "count": 0
            },
            {
                "id": "100074116516261",
                "count": 0
            },
            {
                "id": "61555324470080",
                "count": 0
            },
            {
                "id": "100080310376710",
                "count": 0
            },
            {
                "id": "100092295790735",
                "count": 0
            },
            {
                "id": "100088911409432",
                "count": 0
            },
            {
                "id": "100079122438634",
                "count": 0
            },
            {
                "id": "100002547976379",
                "count": 0
            },
            {
                "id": "100077478750944",
                "count": 0
            },
            {
                "id": "100071345584462",
                "count": 0
            },
            {
                "id": "100089039937769",
                "count": 0
            },
            {
                "id": "61556720574705",
                "count": 0
            },
            {
                "id": "100008373421436",
                "count": 0
            }
        ],
        "week": [
            {
                "id": "100078992596748",
                "count": 0
            },
            {
                "id": "100001444628008",
                "count": 0
            },
            {
                "id": "100088875499633",
                "count": 0
            },
            {
                "id": "100095110218166",
                "count": 0
            },
            {
                "id": "100037057812539",
                "count": 0
            },
            {
                "id": "100081113792112",
                "count": 0
            },
            {
                "id": "100092876220585",
                "count": 0
            },
            {
                "id": "100065719684789",
                "count": 0
            },
            {
                "id": "100045694179905",
                "count": 0
            },
            {
                "id": "61553140932739",
                "count": 0
            },
            {
                "id": "100092158730495",
                "count": 0
            },
            {
                "id": "100063648333441",
                "count": 0
            },
            {
                "id": "100091465970067",
                "count": 0
            },
            {
                "id": "100076614565869",
                "count": 0
            },
            {
                "id": "100088722336386",
                "count": 0
            },
            {
                "id": "100011214733980",
                "count": 0
            },
            {
                "id": "100042690493017",
                "count": 0
            },
            {
                "id": "100084169082341",
                "count": 0
            },
            {
                "id": "100093814743722",
                "count": 0
            },
            {
                "id": "100091350319667",
                "count": 0
            },
            {
                "id": "61550090563160",
                "count": 0
            },
            {
                "id": "100083232667516",
                "count": 0
            },
            {
                "id": "61556082638941",
                "count": 0
            },
            {
                "id": "100001577972706",
                "count": 0
            },
            {
                "id": "100074976541598",
                "count": 0
            },
            {
                "id": "100004534743654",
                "count": 0
            },
            {
                "id": "100065952975500",
                "count": 0
            },
            {
                "id": "100077351032379",
                "count": 0
            },
            {
                "id": "61555972193344",
                "count": 0
            },
            {
                "id": "61556129110924",
                "count": 0
            },
            {
                "id": "61551667916294",
                "count": 0
            },
            {
                "id": "100094868800169",
                "count": 0
            },
            {
                "id": "1119150038",
                "count": 0
            },
            {
                "id": "100093221415734",
                "count": 0
            },
            {
                "id": "100075214447036",
                "count": 0
            },
            {
                "id": "100055606005394",
                "count": 0
            },
            {
                "id": "100001674393772",
                "count": 0
            },
            {
                "id": "100000502710505",
                "count": 0
            },
            {
                "id": "61554397870059",
                "count": 0
            },
            {
                "id": "100071932323146",
                "count": 0
            },
            {
                "id": "100034389381079",
                "count": 0
            },
            {
                "id": "61550917312789",
                "count": 0
            },
            {
                "id": "61555803503297",
                "count": 0
            },
            {
                "id": "61553322761667",
                "count": 0
            },
            {
                "id": "61552353222431",
                "count": 0
            },
            {
                "id": "100088704316165",
                "count": 0
            },
            {
                "id": "100004261181050",
                "count": 0
            },
            {
                "id": "100076515777756",
                "count": 0
            },
            {
                "id": "61554576101898",
                "count": 0
            },
            {
                "id": "100001837873386",
                "count": 0
            },
            {
                "id": "100009193419033",
                "count": 0
            },
            {
                "id": "100089118820673",
                "count": 0
            },
            {
                "id": "100023274815607",
                "count": 0
            },
            {
                "id": "100086086427935",
                "count": 0
            },
            {
                "id": "100093274157508",
                "count": 0
            },
            {
                "id": "100077260145158",
                "count": 0
            },
            {
                "id": "100074236520102",
                "count": 0
            },
            {
                "id": "100070486403838",
                "count": 0
            },
            {
                "id": "61555335016425",
                "count": 0
            },
            {
                "id": "100071489084321",
                "count": 0
            },
            {
                "id": "61554739643576",
                "count": 0
            },
            {
                "id": "61555883680486",
                "count": 0
            },
            {
                "id": "100088553691936",
                "count": 0
            },
            {
                "id": "1520118598",
                "count": 0
            },
            {
                "id": "100089240376081",
                "count": 0
            },
            {
                "id": "100089198838932",
                "count": 0
            },
            {
                "id": "100086281339284",
                "count": 0
            },
            {
                "id": "100081059150413",
                "count": 0
            },
            {
                "id": "100037247266911",
                "count": 0
            },
            {
                "id": "100086191313546",
                "count": 0
            },
            {
                "id": "100090423611395",
                "count": 0
            },
            {
                "id": "100089833719568",
                "count": 0
            },
            {
                "id": "61550422022816",
                "count": 0
            },
            {
                "id": "100086520241119",
                "count": 0
            },
            {
                "id": "61550055032525",
                "count": 0
            },
            {
                "id": "100083978956806",
                "count": 0
            },
            {
                "id": "61551100246971",
                "count": 0
            },
            {
                "id": "100082647211979",
                "count": 0
            },
            {
                "id": "100074278195157",
                "count": 0
            },
            {
                "id": "100053279145775",
                "count": 0
            },
            {
                "id": "100079481971862",
                "count": 0
            },
            {
                "id": "61556268549319",
                "count": 0
            },
            {
                "id": "61556093926891",
                "count": 0
            },
            {
                "id": "100011770646089",
                "count": 0
            },
            {
                "id": "100042864066941",
                "count": 0
            },
            {
                "id": "100067230348245",
                "count": 0
            },
            {
                "id": "100055641540505",
                "count": 0
            },
            {
                "id": "61556461770252",
                "count": 0
            },
            {
                "id": "61555272272411",
                "count": 0
            },
            {
                "id": "100082155552903",
                "count": 0
            },
            {
                "id": "100093492935003",
                "count": 0
            },
            {
                "id": "100083534761467",
                "count": 0
            },
            {
                "id": "100085186061317",
                "count": 0
            },
            {
                "id": "61555633050729",
                "count": 0
            },
            {
                "id": "61555560447494",
                "count": 0
            },
            {
                "id": "61553803225118",
                "count": 0
            },
            {
                "id": "100087669463059",
                "count": 0
            },
            {
                "id": "100091896271588",
                "count": 0
            },
            {
                "id": "61550978729898",
                "count": 0
            },
            {
                "id": "100001453299959",
                "count": 0
            },
            {
                "id": "100092037077828",
                "count": 0
            },
            {
                "id": "100064682935720",
                "count": 0
            },
            {
                "id": "100092181445413",
                "count": 0
            },
            {
                "id": "100078897550031",
                "count": 0
            },
            {
                "id": "100079099577300",
                "count": 0
            },
            {
                "id": "23100768",
                "count": 0
            },
            {
                "id": "61556119291781",
                "count": 0
            },
            {
                "id": "100024810273342",
                "count": 0
            },
            {
                "id": "100006834527455",
                "count": 0
            },
            {
                "id": "61553983901605",
                "count": 0
            },
            {
                "id": "100087711122209",
                "count": 0
            },
            {
                "id": "100053197657964",
                "count": 0
            },
            {
                "id": "61550548275719",
                "count": 0
            },
            {
                "id": "100083009944679",
                "count": 0
            },
            {
                "id": "100076567922547",
                "count": 0
            },
            {
                "id": "1712601204",
                "count": 0
            },
            {
                "id": "61555626685768",
                "count": 0
            },
            {
                "id": "100080000343464",
                "count": 0
            },
            {
                "id": "100088507428187",
                "count": 0
            },
            {
                "id": "100081575238051",
                "count": 0
            },
            {
                "id": "100054814662367",
                "count": 0
            },
            {
                "id": "61555348139291",
                "count": 0
            },
            {
                "id": "100085895302383",
                "count": 0
            },
            {
                "id": "100088225871342",
                "count": 0
            },
            {
                "id": "100073938862932",
                "count": 0
            },
            {
                "id": "61552483303667",
                "count": 0
            },
            {
                "id": "100087921257710",
                "count": 0
            },
            {
                "id": "100088840031388",
                "count": 0
            },
            {
                "id": "61555330281336",
                "count": 0
            },
            {
                "id": "61554301197782",
                "count": 0
            },
            {
                "id": "100068767653248",
                "count": 0
            },
            {
                "id": "100064002999298",
                "count": 0
            },
            {
                "id": "61555518217996",
                "count": 0
            },
            {
                "id": "100010555753678",
                "count": 0
            },
            {
                "id": "61552521016761",
                "count": 0
            },
            {
                "id": "100068964342346",
                "count": 0
            },
            {
                "id": "61556348943753",
                "count": 0
            },
            {
                "id": "61556324798075",
                "count": 0
            },
            {
                "id": "61554572206940",
                "count": 0
            },
            {
                "id": "61552199496877",
                "count": 0
            },
            {
                "id": "100081023208334",
                "count": 0
            },
            {
                "id": "100093040238510",
                "count": 0
            },
            {
                "id": "61554408028119",
                "count": 0
            },
            {
                "id": "61555193655009",
                "count": 0
            },
            {
                "id": "100071547382586",
                "count": 0
            },
            {
                "id": "100079621770288",
                "count": 0
            },
            {
                "id": "61553588927611",
                "count": 0
            },
            {
                "id": "61555870501525",
                "count": 0
            },
            {
                "id": "61556387944016",
                "count": 0
            },
            {
                "id": "61551926741137",
                "count": 0
            },
            {
                "id": "61554001520077",
                "count": 0
            },
            {
                "id": "100051358940708",
                "count": 0
            },
            {
                "id": "100090559263016",
                "count": 0
            },
            {
                "id": "100085553933945",
                "count": 0
            },
            {
                "id": "100074116516261",
                "count": 0
            },
            {
                "id": "61555324470080",
                "count": 0
            },
            {
                "id": "100080310376710",
                "count": 0
            },
            {
                "id": "100092295790735",
                "count": 0
            },
            {
                "id": "100088911409432",
                "count": 0
            },
            {
                "id": "100079122438634",
                "count": 0
            },
            {
                "id": "100002547976379",
                "count": 0
            },
            {
                "id": "100077478750944",
                "count": 0
            },
            {
                "id": "100071345584462",
                "count": 0
            },
            {
                "id": "100089039937769",
                "count": 0
            },
            {
                "id": "61556720574705",
                "count": 0
            },
            {
                "id": "100008373421436",
                "count": 0
            }
        ]
    }
}