{
    "total": [
        {
            "id": "100094115111599",
            "count": 169
        },
        {
            "id": "100045313671777",
            "count": 803
        },
        {
            "id": "100083067297448",
            "count": 353
        },
        {
            "id": "100071356545473",
            "count": 0
        },
        {
            "id": "100094668255563",
            "count": 0
        },
        {
            "id": "100080753079689",
            "count": 2
        },
        {
            "id": "100085059316412",
            "count": 262
        },
        {
            "id": "61551628457505",
            "count": 177
        },
        {
            "id": "100082319502327",
            "count": 1
        },
        {
            "id": "100063169845895",
            "count": 420
        },
        {
            "id": "100048255068472",
            "count": 69
        },
        {
            "id": "100086311916684",
            "count": 250
        },
        {
            "id": "100082068444728",
            "count": 101
        },
        {
            "id": "61551701425295",
            "count": 0
        },
        {
            "id": "61553956804818",
            "count": 0
        },
        {
            "id": "100082882422336",
            "count": 12
        },
        {
            "id": "100066601090728",
            "count": 31
        },
        {
            "id": "100092009466021",
            "count": 7
        },
        {
            "id": "100070370361035",
            "count": 1
        },
        {
            "id": "100009193419033",
            "count": 0
        },
        {
            "id": "61550530976794",
            "count": 84
        },
        {
            "id": "61550296061685",
            "count": 396
        },
        {
            "id": "100086407606548",
            "count": 0
        },
        {
            "id": "100071489084321",
            "count": 12
        },
        {
            "id": "61550568365454",
            "count": 166
        },
        {
            "id": "100094740436841",
            "count": 0
        },
        {
            "id": "100063939032209",
            "count": 1
        },
        {
            "id": "100088611925898",
            "count": 5
        },
        {
            "id": "100076747794030",
            "count": 11
        },
        {
            "id": "61552620682497",
            "count": 14
        },
        {
            "id": "100001837873386",
            "count": 0
        },
        {
            "id": "61555359674793",
            "count": 77
        },
        {
            "id": "61550804672994",
            "count": 255
        },
        {
            "id": "100071765615736",
            "count": 14
        },
        {
            "id": "100091768061849",
            "count": 129
        },
        {
            "id": "100072493014773",
            "count": 32
        },
        {
            "id": "100066575175993",
            "count": 14
        },
        {
            "id": "100084857395753",
            "count": 5
        },
        {
            "id": "100071131194264",
            "count": 58
        },
        {
            "id": "61554789119690",
            "count": 2
        },
        {
            "id": "100080327526963",
            "count": 11
        },
        {
            "id": "100072095958841",
            "count": 0
        },
        {
            "id": "100029609839915",
            "count": 3
        },
        {
            "id": "100082842455737",
            "count": 10
        },
        {
            "id": "61551336522352",
            "count": 0
        },
        {
            "id": "100092181503678",
            "count": 0
        },
        {
            "id": "100079051200963",
            "count": 0
        },
        {
            "id": "61556007312350",
            "count": 7
        },
        {
            "id": "100088916281365",
            "count": 3
        },
        {
            "id": "100090904561760",
            "count": 0
        },
        {
            "id": "61555968072240",
            "count": 15
        },
        {
            "id": "61550868242031",
            "count": 5
        },
        {
            "id": "61555360664248",
            "count": 0
        },
        {
            "id": "100088510767621",
            "count": 0
        },
        {
            "id": "100084778473443",
            "count": 5
        },
        {
            "id": "100009141824072",
            "count": 0
        },
        {
            "id": "100053461660084",
            "count": 0
        },
        {
            "id": "100088167030828",
            "count": 3
        },
        {
            "id": "61551547384866",
            "count": 0
        },
        {
            "id": "61552325414623",
            "count": 0
        },
        {
            "id": "61554953187592",
            "count": 0
        },
        {
            "id": "100081998476344",
            "count": 19
        },
        {
            "id": "61556338591128",
            "count": 73
        },
        {
            "id": "61551102776033",
            "count": 48
        },
        {
            "id": "61554888044017",
            "count": 19
        },
        {
            "id": "61550503644183",
            "count": 50
        },
        {
            "id": "61553008745721",
            "count": 0
        },
        {
            "id": "100083367614665",
            "count": 46
        },
        {
            "id": "100088380409761",
            "count": 3
        },
        {
            "id": "100094733521627",
            "count": 4
        },
        {
            "id": "100067900187429",
            "count": 37
        },
        {
            "id": "61553769158948",
            "count": 1
        },
        {
            "id": "100091858194152",
            "count": 2
        },
        {
            "id": "100034418465273",
            "count": 248
        },
        {
            "id": "100086183435202",
            "count": 410
        },
        {
            "id": "100090947256997",
            "count": 76
        },
        {
            "id": "100087934058099",
            "count": 51
        },
        {
            "id": "100083940669894",
            "count": 10
        },
        {
            "id": "61554281411680",
            "count": 0
        },
        {
            "id": "100087657615493",
            "count": 0
        },
        {
            "id": "61551032761007",
            "count": 11
        },
        {
            "id": "61554968064722",
            "count": 6
        },
        {
            "id": "61555006670262",
            "count": 4
        },
        {
            "id": "100008373421436",
            "count": 0
        }
    ],
    "week": [
        {
            "id": "100094115111599",
            "count": 0,
            "name": "Alair Kris"
        },
        {
            "id": "100045313671777",
            "count": 32,
            "name": "Đth Thu Hươngg"
        },
        {
            "id": "100083067297448",
            "count": 2,
            "name": "Bảo Chu"
        },
        {
            "id": "100071356545473",
            "count": 0,
            "name": "Bảo Trâm"
        },
        {
            "id": "100094668255563",
            "count": 0,
            "name": "Tớ Là Donike"
        },
        {
            "id": "100080753079689",
            "count": 0,
            "name": "Poyli Wale"
        },
        {
            "id": "100085059316412",
            "count": 1,
            "name": "Khánhh Như"
        },
        {
            "id": "61551628457505",
            "count": 1,
            "name": "Nayasun NA YA"
        },
        {
            "id": "100082319502327",
            "count": 0,
            "name": "Panhzu Hebi"
        },
        {
            "id": "100063169845895",
            "count": 9,
            "name": "Balti Sphynxier"
        },
        {
            "id": "100048255068472",
            "count": 4,
            "name": "Нгуен Данг Гиа Бао"
        },
        {
            "id": "100086311916684",
            "count": 68,
            "name": "Đth Thanhh Thảoo"
        },
        {
            "id": "100082068444728",
            "count": 0,
            "name": "BTahn Turney"
        },
        {
            "id": "61551701425295",
            "count": 0,
            "name": "Nagari-chan Ikami"
        },
        {
            "id": "61553956804818",
            "count": 0,
            "name": "Evan Đzaii"
        },
        {
            "id": "100082882422336",
            "count": 0,
            "name": "Naona Nongnu"
        },
        {
            "id": "100066601090728",
            "count": 0,
            "name": "Nguyễn Đăng Đại"
        },
        {
            "id": "100092009466021",
            "count": 0,
            "name": "Namm Saddboyy"
        },
        {
            "id": "100070370361035",
            "count": 0,
            "name": "Hakiu Yuuri"
        },
        {
            "id": "100009193419033",
            "count": 0,
            "name": "Người dùng Facebook"
        },
        {
            "id": "61550530976794",
            "count": 0,
            "name": "Cá Tra"
        },
        {
            "id": "61550296061685",
            "count": 0,
            "name": "Minh Thư"
        },
        {
            "id": "100086407606548",
            "count": 0,
            "name": "Archer Ng"
        },
        {
            "id": "100071489084321",
            "count": 0,
            "name": "Việt Annh"
        },
        {
            "id": "61550568365454",
            "count": 0,
            "name": "Ella Phương"
        },
        {
            "id": "100094740436841",
            "count": 0,
            "name": "Kim Ngann"
        },
        {
            "id": "100063939032209",
            "count": 0,
            "name": "Phạm Tú Qyn"
        },
        {
            "id": "100088611925898",
            "count": 0,
            "name": "Hỳh Bănq"
        },
        {
            "id": "100076747794030",
            "count": 0,
            "name": "Jakoo XauTrai"
        },
        {
            "id": "61552620682497",
            "count": 0,
            "name": "Nguyễn Văn Hiền Hoà"
        },
        {
            "id": "100001837873386",
            "count": 0,
            "name": "Trần Thị Kim Anh"
        },
        {
            "id": "61555359674793",
            "count": 4,
            "name": "Thanh Băng"
        },
        {
            "id": "61550804672994",
            "count": 18,
            "name": "Nam Hoàng"
        },
        {
            "id": "100071765615736",
            "count": 0,
            "name": "Cá Koi"
        },
        {
            "id": "100091768061849",
            "count": 0,
            "name": "CònCuu ĐượcKhông"
        },
        {
            "id": "100072493014773",
            "count": 0,
            "name": "Tâm Clark"
        },
        {
            "id": "100066575175993",
            "count": 0,
            "name": "Zy Ng"
        },
        {
            "id": "100084857395753",
            "count": 0,
            "name": "Nope Haswe"
        },
        {
            "id": "100071131194264",
            "count": 0,
            "name": "Kẻ Tâm Thầnz"
        },
        {
            "id": "61554789119690",
            "count": 0,
            "name": "Sơn hay dỗi"
        },
        {
            "id": "100080327526963",
            "count": 1,
            "name": "Phạm Ngọc Hà"
        },
        {
            "id": "100072095958841",
            "count": 0,
            "name": "Hwinr Shou"
        },
        {
            "id": "100029609839915",
            "count": 0,
            "name": "Nguyễn Thị Mộng Tuyền"
        },
        {
            "id": "100082842455737",
            "count": 0,
            "name": "Ng Mai Lan"
        },
        {
            "id": "61551336522352",
            "count": 0,
            "name": "Mel Cutii"
        },
        {
            "id": "100092181503678",
            "count": 0,
            "name": "Trần Nguyện"
        },
        {
            "id": "100079051200963",
            "count": 0,
            "name": "Ngh Linh"
        },
        {
            "id": "61556007312350",
            "count": 0,
            "name": "Naqz Chiharu"
        },
        {
            "id": "100088916281365",
            "count": 0,
            "name": "Johein Richekarch"
        },
        {
            "id": "100090904561760",
            "count": 0,
            "name": "Sieun Jisii"
        },
        {
            "id": "61555968072240",
            "count": 0,
            "name": "Mikhaikov Valentina"
        },
        {
            "id": "61550868242031",
            "count": 0,
            "name": "Cẩm Tú"
        },
        {
            "id": "61555360664248",
            "count": 0,
            "name": "Mựt"
        },
        {
            "id": "100088510767621",
            "count": 0,
            "name": "Maianh Dayy"
        },
        {
            "id": "100084778473443",
            "count": 0,
            "name": "Kim Anh Nguyen"
        },
        {
            "id": "100009141824072",
            "count": 0,
            "name": "Zio Dayy"
        },
        {
            "id": "100053461660084",
            "count": 0,
            "name": "Dig Wang"
        },
        {
            "id": "100088167030828",
            "count": 1,
            "name": "Cáo Tinh Nghịch"
        },
        {
            "id": "61551547384866",
            "count": 0,
            "name": "Lin Hf"
        },
        {
            "id": "61552325414623",
            "count": 0,
            "name": "Thanh Trúc"
        },
        {
            "id": "61554953187592",
            "count": 0,
            "name": "Lục An Vũ"
        },
        {
            "id": "100081998476344",
            "count": 0,
            "name": "Đhy Hảii Âu"
        },
        {
            "id": "61556338591128",
            "count": 0,
            "name": "Nguyễn Quốc Bảo"
        },
        {
            "id": "61551102776033",
            "count": 0,
            "name": "Kiều Oanh"
        },
        {
            "id": "61554888044017",
            "count": 0,
            "name": "Cảnh Nghi."
        },
        {
            "id": "61550503644183",
            "count": 0,
            "name": "ちひ ろ"
        },
        {
            "id": "61553008745721",
            "count": 0,
            "name": "Người dùng facebook"
        },
        {
            "id": "100083367614665",
            "count": 0,
            "name": "Tạisaoem Luôn Khócvớimộtđứatồinhưnó"
        },
        {
            "id": "100088380409761",
            "count": 0,
            "name": "Tên Không Có"
        },
        {
            "id": "100094733521627",
            "count": 0,
            "name": "Yunnz Nia Shun"
        },
        {
            "id": "100067900187429",
            "count": 4,
            "name": "Glingg Glingg"
        },
        {
            "id": "61553769158948",
            "count": 0,
            "name": "Nhat Vuu"
        },
        {
            "id": "100091858194152",
            "count": 0,
            "name": "Hắc Vũ Hoàng."
        },
        {
            "id": "100034418465273",
            "count": 19,
            "name": "Thanh Phung"
        },
        {
            "id": "100086183435202",
            "count": 30,
            "name": "LyubitMuzyku Ikoshek"
        },
        {
            "id": "100090947256997",
            "count": 1,
            "name": "Minh Hiếu"
        },
        {
            "id": "100087934058099",
            "count": 41,
            "name": "Hà Phương"
        },
        {
            "id": "100083940669894",
            "count": 0,
            "name": "Hải Yến"
        },
        {
            "id": "61554281411680",
            "count": 0,
            "name": "Nguyễn Trinh"
        },
        {
            "id": "100087657615493",
            "count": 0,
            "name": "Người dùng facebook"
        },
        {
            "id": "61551032761007",
            "count": 0,
            "name": "Huyen Linh"
        },
        {
            "id": "61554968064722",
            "count": 2,
            "name": "Ni Gà"
        },
        {
            "id": "61555006670262",
            "count": 0,
            "name": "Tr H Vũ"
        },
        {
            "id": "100008373421436",
            "count": 0
        }
    ],
    "day": [
        {
            "id": "100094115111599",
            "count": 0,
            "name": "Người dùng facebook"
        },
        {
            "id": "100045313671777",
            "count": 0,
            "name": "Người dùng facebook"
        },
        {
            "id": "100083067297448",
            "count": 0,
            "name": "Người dùng facebook"
        },
        {
            "id": "100071356545473",
            "count": 0,
            "name": "Người dùng facebook"
        },
        {
            "id": "100094668255563",
            "count": 0,
            "name": "Người dùng facebook"
        },
        {
            "id": "100080753079689",
            "count": 0,
            "name": "Người dùng facebook"
        },
        {
            "id": "100085059316412",
            "count": 0,
            "name": "Người dùng facebook"
        },
        {
            "id": "61551628457505",
            "count": 0,
            "name": "Người dùng facebook"
        },
        {
            "id": "100082319502327",
            "count": 0,
            "name": "Người dùng facebook"
        },
        {
            "id": "100063169845895",
            "count": 0,
            "name": "Người dùng facebook"
        },
        {
            "id": "100048255068472",
            "count": 0,
            "name": "Người dùng facebook"
        },
        {
            "id": "100086311916684",
            "count": 0,
            "name": "Người dùng facebook"
        },
        {
            "id": "100082068444728",
            "count": 0,
            "name": "Người dùng facebook"
        },
        {
            "id": "61551701425295",
            "count": 0,
            "name": "Người dùng facebook"
        },
        {
            "id": "61553956804818",
            "count": 0,
            "name": "Người dùng facebook"
        },
        {
            "id": "100082882422336",
            "count": 0,
            "name": "Người dùng facebook"
        },
        {
            "id": "100066601090728",
            "count": 0,
            "name": "Người dùng facebook"
        },
        {
            "id": "100092009466021",
            "count": 0,
            "name": "Người dùng facebook"
        },
        {
            "id": "100070370361035",
            "count": 0,
            "name": "Người dùng facebook"
        },
        {
            "id": "100009193419033",
            "count": 0,
            "name": "Người dùng facebook"
        },
        {
            "id": "61550530976794",
            "count": 0,
            "name": "Người dùng facebook"
        },
        {
            "id": "61550296061685",
            "count": 0,
            "name": "Người dùng facebook"
        },
        {
            "id": "100086407606548",
            "count": 0,
            "name": "Người dùng facebook"
        },
        {
            "id": "100071489084321",
            "count": 0,
            "name": "Người dùng facebook"
        },
        {
            "id": "61550568365454",
            "count": 0,
            "name": "Người dùng facebook"
        },
        {
            "id": "100094740436841",
            "count": 0,
            "name": "Người dùng facebook"
        },
        {
            "id": "100063939032209",
            "count": 0,
            "name": "Người dùng facebook"
        },
        {
            "id": "100088611925898",
            "count": 0,
            "name": "Người dùng facebook"
        },
        {
            "id": "100076747794030",
            "count": 0,
            "name": "Người dùng facebook"
        },
        {
            "id": "61552620682497",
            "count": 0,
            "name": "Người dùng facebook"
        },
        {
            "id": "100001837873386",
            "count": 0,
            "name": "Trần Thị Kim Anh"
        },
        {
            "id": "61555359674793",
            "count": 0,
            "name": "Người dùng facebook"
        },
        {
            "id": "61550804672994",
            "count": 0,
            "name": "Người dùng facebook"
        },
        {
            "id": "100071765615736",
            "count": 0,
            "name": "Người dùng facebook"
        },
        {
            "id": "100091768061849",
            "count": 0,
            "name": "Người dùng facebook"
        },
        {
            "id": "100072493014773",
            "count": 0,
            "name": "Người dùng facebook"
        },
        {
            "id": "100066575175993",
            "count": 0,
            "name": "Người dùng facebook"
        },
        {
            "id": "100084857395753",
            "count": 0,
            "name": "Người dùng facebook"
        },
        {
            "id": "100071131194264",
            "count": 0,
            "name": "Người dùng facebook"
        },
        {
            "id": "61554789119690",
            "count": 0,
            "name": "Người dùng facebook"
        },
        {
            "id": "100080327526963",
            "count": 0,
            "name": "Người dùng facebook"
        },
        {
            "id": "100072095958841",
            "count": 0,
            "name": "Người dùng facebook"
        },
        {
            "id": "100029609839915",
            "count": 0,
            "name": "Người dùng facebook"
        },
        {
            "id": "100082842455737",
            "count": 0,
            "name": "Người dùng facebook"
        },
        {
            "id": "61551336522352",
            "count": 0,
            "name": "Người dùng facebook"
        },
        {
            "id": "100092181503678",
            "count": 0,
            "name": "Người dùng facebook"
        },
        {
            "id": "100079051200963",
            "count": 0,
            "name": "Người dùng facebook"
        },
        {
            "id": "61556007312350",
            "count": 0,
            "name": "Người dùng facebook"
        },
        {
            "id": "100088916281365",
            "count": 0,
            "name": "Người dùng facebook"
        },
        {
            "id": "100090904561760",
            "count": 0,
            "name": "Người dùng facebook"
        },
        {
            "id": "61555968072240",
            "count": 0,
            "name": "Người dùng facebook"
        },
        {
            "id": "61550868242031",
            "count": 0,
            "name": "Người dùng facebook"
        },
        {
            "id": "61555360664248",
            "count": 0,
            "name": "Người dùng facebook"
        },
        {
            "id": "100088510767621",
            "count": 0,
            "name": "Người dùng facebook"
        },
        {
            "id": "100084778473443",
            "count": 0,
            "name": "Người dùng facebook"
        },
        {
            "id": "100009141824072",
            "count": 0,
            "name": "Người dùng facebook"
        },
        {
            "id": "100053461660084",
            "count": 0,
            "name": "Người dùng facebook"
        },
        {
            "id": "100088167030828",
            "count": 0,
            "name": "Người dùng facebook"
        },
        {
            "id": "61551547384866",
            "count": 0,
            "name": "Người dùng facebook"
        },
        {
            "id": "61552325414623",
            "count": 0,
            "name": "Người dùng facebook"
        },
        {
            "id": "61554953187592",
            "count": 0,
            "name": "Người dùng facebook"
        },
        {
            "id": "100081998476344",
            "count": 0,
            "name": "Người dùng facebook"
        },
        {
            "id": "61556338591128",
            "count": 0,
            "name": "Người dùng facebook"
        },
        {
            "id": "61551102776033",
            "count": 0,
            "name": "Người dùng facebook"
        },
        {
            "id": "61554888044017",
            "count": 0,
            "name": "Người dùng facebook"
        },
        {
            "id": "61550503644183",
            "count": 0,
            "name": "Người dùng facebook"
        },
        {
            "id": "61553008745721",
            "count": 0,
            "name": "Người dùng facebook"
        },
        {
            "id": "100083367614665",
            "count": 0,
            "name": "Người dùng facebook"
        },
        {
            "id": "100088380409761",
            "count": 0,
            "name": "Người dùng facebook"
        },
        {
            "id": "100094733521627",
            "count": 0,
            "name": "Người dùng facebook"
        },
        {
            "id": "100067900187429",
            "count": 0,
            "name": "Người dùng facebook"
        },
        {
            "id": "61553769158948",
            "count": 0,
            "name": "Người dùng facebook"
        },
        {
            "id": "100091858194152",
            "count": 0,
            "name": "Người dùng facebook"
        },
        {
            "id": "100034418465273",
            "count": 0,
            "name": "Người dùng facebook"
        },
        {
            "id": "100086183435202",
            "count": 0,
            "name": "Người dùng facebook"
        },
        {
            "id": "100090947256997",
            "count": 0,
            "name": "Người dùng facebook"
        },
        {
            "id": "100087934058099",
            "count": 0,
            "name": "Người dùng facebook"
        },
        {
            "id": "100083940669894",
            "count": 0,
            "name": "Người dùng facebook"
        },
        {
            "id": "61554281411680",
            "count": 0,
            "name": "Người dùng facebook"
        },
        {
            "id": "100087657615493",
            "count": 0,
            "name": "Người dùng facebook"
        },
        {
            "id": "61551032761007",
            "count": 0,
            "name": "Người dùng facebook"
        },
        {
            "id": "61554968064722",
            "count": 0,
            "name": "Người dùng facebook"
        },
        {
            "id": "61555006670262",
            "count": 0,
            "name": "Người dùng facebook"
        },
        {
            "id": "100008373421436",
            "count": 0,
            "name": "Người dùng Facebook"
        }
    ],
    "time": 6,
    "last": {
        "time": 4,
        "day": [
            {
                "id": "100094115111599",
                "count": 0
            },
            {
                "id": "100045313671777",
                "count": 0
            },
            {
                "id": "100083067297448",
                "count": 0
            },
            {
                "id": "100071356545473",
                "count": 0
            },
            {
                "id": "100094668255563",
                "count": 0
            },
            {
                "id": "100080753079689",
                "count": 0
            },
            {
                "id": "100085059316412",
                "count": 0
            },
            {
                "id": "61551628457505",
                "count": 0
            },
            {
                "id": "100082319502327",
                "count": 0
            },
            {
                "id": "100063169845895",
                "count": 0
            },
            {
                "id": "100048255068472",
                "count": 0
            },
            {
                "id": "100086311916684",
                "count": 0
            },
            {
                "id": "100082068444728",
                "count": 0
            },
            {
                "id": "61551701425295",
                "count": 0
            },
            {
                "id": "61553956804818",
                "count": 0
            },
            {
                "id": "100082882422336",
                "count": 0
            },
            {
                "id": "100066601090728",
                "count": 0
            },
            {
                "id": "100092009466021",
                "count": 0
            },
            {
                "id": "100070370361035",
                "count": 0
            },
            {
                "id": "100009193419033",
                "count": 0
            },
            {
                "id": "61550530976794",
                "count": 0
            },
            {
                "id": "61550296061685",
                "count": 0
            },
            {
                "id": "100086407606548",
                "count": 0
            },
            {
                "id": "100071489084321",
                "count": 0
            },
            {
                "id": "61550568365454",
                "count": 0
            },
            {
                "id": "100094740436841",
                "count": 0
            },
            {
                "id": "100063939032209",
                "count": 0
            },
            {
                "id": "100088611925898",
                "count": 0
            },
            {
                "id": "61554345893591",
                "count": 0
            },
            {
                "id": "100076747794030",
                "count": 0
            },
            {
                "id": "61552620682497",
                "count": 0
            },
            {
                "id": "100001837873386",
                "count": 0
            },
            {
                "id": "61555870501525",
                "count": 0
            },
            {
                "id": "61555359674793",
                "count": 0
            },
            {
                "id": "61550804672994",
                "count": 0
            },
            {
                "id": "100071765615736",
                "count": 0
            },
            {
                "id": "100091768061849",
                "count": 0
            },
            {
                "id": "100072493014773",
                "count": 0
            },
            {
                "id": "100066575175993",
                "count": 0
            },
            {
                "id": "100084857395753",
                "count": 0
            },
            {
                "id": "100053031002074",
                "count": 0
            },
            {
                "id": "100071131194264",
                "count": 0
            },
            {
                "id": "61554789119690",
                "count": 0
            },
            {
                "id": "100080327526963",
                "count": 0
            },
            {
                "id": "61554281411680",
                "count": 0
            },
            {
                "id": "100072095958841",
                "count": 0
            },
            {
                "id": "100029609839915",
                "count": 0
            },
            {
                "id": "100089814600282",
                "count": 0
            },
            {
                "id": "100082842455737",
                "count": 0
            },
            {
                "id": "61551336522352",
                "count": 0
            },
            {
                "id": "100092181503678",
                "count": 0
            },
            {
                "id": "61553750874483",
                "count": 0
            },
            {
                "id": "100079051200963",
                "count": 0
            },
            {
                "id": "61556007312350",
                "count": 0
            },
            {
                "id": "100088916281365",
                "count": 0
            },
            {
                "id": "100090904561760",
                "count": 0
            },
            {
                "id": "61555968072240",
                "count": 0
            },
            {
                "id": "61550868242031",
                "count": 0
            },
            {
                "id": "61555360664248",
                "count": 0
            },
            {
                "id": "100088510767621",
                "count": 0
            },
            {
                "id": "100084778473443",
                "count": 0
            },
            {
                "id": "100009141824072",
                "count": 0
            },
            {
                "id": "100053461660084",
                "count": 0
            },
            {
                "id": "100088167030828",
                "count": 0
            },
            {
                "id": "61551547384866",
                "count": 0
            },
            {
                "id": "61552325414623",
                "count": 0
            },
            {
                "id": "61554953187592",
                "count": 0
            },
            {
                "id": "100081998476344",
                "count": 0
            },
            {
                "id": "61556338591128",
                "count": 0
            },
            {
                "id": "61551102776033",
                "count": 0
            },
            {
                "id": "61554888044017",
                "count": 0
            },
            {
                "id": "61550503644183",
                "count": 0
            },
            {
                "id": "61553008745721",
                "count": 0
            },
            {
                "id": "100083367614665",
                "count": 0
            },
            {
                "id": "100088380409761",
                "count": 0
            },
            {
                "id": "100094733521627",
                "count": 0
            },
            {
                "id": "100067900187429",
                "count": 0
            },
            {
                "id": "61553769158948",
                "count": 0
            },
            {
                "id": "100091858194152",
                "count": 0
            },
            {
                "id": "100034418465273",
                "count": 0
            },
            {
                "id": "100086183435202",
                "count": 0
            },
            {
                "id": "100090947256997",
                "count": 0
            },
            {
                "id": "100087934058099",
                "count": 0
            },
            {
                "id": "100083940669894",
                "count": 0
            },
            {
                "id": "100087657615493",
                "count": 0
            },
            {
                "id": "61551032761007",
                "count": 0
            },
            {
                "id": "61554968064722",
                "count": 0
            },
            {
                "id": "61555006670262",
                "count": 0
            },
            {
                "id": "100008373421436",
                "count": 0
            }
        ],
        "week": [
            {
                "id": "100094115111599",
                "count": 0
            },
            {
                "id": "100045313671777",
                "count": 0
            },
            {
                "id": "100083067297448",
                "count": 0
            },
            {
                "id": "100071356545473",
                "count": 0
            },
            {
                "id": "100094668255563",
                "count": 0
            },
            {
                "id": "100080753079689",
                "count": 0
            },
            {
                "id": "100085059316412",
                "count": 0
            },
            {
                "id": "61551628457505",
                "count": 0
            },
            {
                "id": "100082319502327",
                "count": 0
            },
            {
                "id": "100063169845895",
                "count": 0
            },
            {
                "id": "100048255068472",
                "count": 0
            },
            {
                "id": "100086311916684",
                "count": 0
            },
            {
                "id": "100082068444728",
                "count": 0
            },
            {
                "id": "61551701425295",
                "count": 0
            },
            {
                "id": "61553956804818",
                "count": 0
            },
            {
                "id": "100082882422336",
                "count": 0
            },
            {
                "id": "100066601090728",
                "count": 0
            },
            {
                "id": "100092009466021",
                "count": 0
            },
            {
                "id": "100070370361035",
                "count": 0
            },
            {
                "id": "100009193419033",
                "count": 0
            },
            {
                "id": "61550530976794",
                "count": 0
            },
            {
                "id": "61550296061685",
                "count": 0
            },
            {
                "id": "100086407606548",
                "count": 0
            },
            {
                "id": "100071489084321",
                "count": 0
            },
            {
                "id": "61550568365454",
                "count": 0
            },
            {
                "id": "100094740436841",
                "count": 0
            },
            {
                "id": "100063939032209",
                "count": 0
            },
            {
                "id": "100088611925898",
                "count": 0
            },
            {
                "id": "61554345893591",
                "count": 0
            },
            {
                "id": "100076747794030",
                "count": 0
            },
            {
                "id": "61552620682497",
                "count": 0
            },
            {
                "id": "100001837873386",
                "count": 0
            },
            {
                "id": "61555870501525",
                "count": 0
            },
            {
                "id": "61555359674793",
                "count": 0
            },
            {
                "id": "61550804672994",
                "count": 0
            },
            {
                "id": "100071765615736",
                "count": 0
            },
            {
                "id": "100091768061849",
                "count": 0
            },
            {
                "id": "100072493014773",
                "count": 0
            },
            {
                "id": "100066575175993",
                "count": 0
            },
            {
                "id": "100084857395753",
                "count": 0
            },
            {
                "id": "100053031002074",
                "count": 0
            },
            {
                "id": "100071131194264",
                "count": 0
            },
            {
                "id": "61554789119690",
                "count": 0
            },
            {
                "id": "100080327526963",
                "count": 0
            },
            {
                "id": "61554281411680",
                "count": 0
            },
            {
                "id": "100072095958841",
                "count": 0
            },
            {
                "id": "100029609839915",
                "count": 0
            },
            {
                "id": "100089814600282",
                "count": 0
            },
            {
                "id": "100082842455737",
                "count": 0
            },
            {
                "id": "61551336522352",
                "count": 0
            },
            {
                "id": "100092181503678",
                "count": 0
            },
            {
                "id": "61553750874483",
                "count": 0
            },
            {
                "id": "100079051200963",
                "count": 0
            },
            {
                "id": "61556007312350",
                "count": 0
            },
            {
                "id": "100088916281365",
                "count": 0
            },
            {
                "id": "100090904561760",
                "count": 0
            },
            {
                "id": "61555968072240",
                "count": 0
            },
            {
                "id": "61550868242031",
                "count": 0
            },
            {
                "id": "61555360664248",
                "count": 0
            },
            {
                "id": "100088510767621",
                "count": 0
            },
            {
                "id": "100084778473443",
                "count": 0
            },
            {
                "id": "100009141824072",
                "count": 0
            },
            {
                "id": "100053461660084",
                "count": 0
            },
            {
                "id": "100088167030828",
                "count": 0
            },
            {
                "id": "61551547384866",
                "count": 0
            },
            {
                "id": "61552325414623",
                "count": 0
            },
            {
                "id": "61554953187592",
                "count": 0
            },
            {
                "id": "100081998476344",
                "count": 0
            },
            {
                "id": "61556338591128",
                "count": 0
            },
            {
                "id": "61551102776033",
                "count": 0
            },
            {
                "id": "61554888044017",
                "count": 0
            },
            {
                "id": "61550503644183",
                "count": 0
            },
            {
                "id": "61553008745721",
                "count": 0
            },
            {
                "id": "100083367614665",
                "count": 0
            },
            {
                "id": "100088380409761",
                "count": 0
            },
            {
                "id": "100094733521627",
                "count": 0
            },
            {
                "id": "100067900187429",
                "count": 0
            },
            {
                "id": "61553769158948",
                "count": 0
            },
            {
                "id": "100091858194152",
                "count": 0
            },
            {
                "id": "100034418465273",
                "count": 0
            },
            {
                "id": "100086183435202",
                "count": 0
            },
            {
                "id": "100090947256997",
                "count": 0
            },
            {
                "id": "100087934058099",
                "count": 0
            },
            {
                "id": "100083940669894",
                "count": 0
            },
            {
                "id": "100087657615493",
                "count": 0
            },
            {
                "id": "61551032761007",
                "count": 0
            },
            {
                "id": "61554968064722",
                "count": 0
            },
            {
                "id": "61555006670262",
                "count": 0
            },
            {
                "id": "100008373421436",
                "count": 0
            }
        ]
    }
}