{
    "total": [
        {
            "id": "61553837864064",
            "count": 0
        },
        {
            "id": "100085606754366",
            "count": 0
        },
        {
            "id": "100033553095083",
            "count": 45
        },
        {
            "id": "100056655078333",
            "count": 55
        },
        {
            "id": "100037798039639",
            "count": 4
        },
        {
            "id": "100080320160314",
            "count": 0
        },
        {
            "id": "100080016678776",
            "count": 19
        },
        {
            "id": "100080447846780",
            "count": 0
        },
        {
            "id": "100036192224718",
            "count": 0
        },
        {
            "id": "100091843691756",
            "count": 0
        },
        {
            "id": "100083504987850",
            "count": 18
        },
        {
            "id": "100068096370437",
            "count": 0
        },
        {
            "id": "100001838241327",
            "count": 0
        },
        {
            "id": "100057535474489",
            "count": 0
        },
        {
            "id": "100035259633128",
            "count": 3
        },
        {
            "id": "61551747654503",
            "count": 14
        },
        {
            "id": "100081990332302",
            "count": 47
        },
        {
            "id": "100074221904746",
            "count": 58
        },
        {
            "id": "100047039142346",
            "count": 0
        },
        {
            "id": "100009193419033",
            "count": 0
        },
        {
            "id": "100049614330984",
            "count": 0
        },
        {
            "id": "100065621942093",
            "count": 25
        },
        {
            "id": "100075107771201",
            "count": 65
        },
        {
            "id": "100001837873386",
            "count": 0
        }
    ],
    "week": [
        {
            "id": "61553837864064",
            "count": 0,
            "name": "Người dùng Facebook"
        },
        {
            "id": "100085606754366",
            "count": 0,
            "name": "Công Xanh Xinh Đẹp"
        },
        {
            "id": "100033553095083",
            "count": 1,
            "name": "Như Kiềuu"
        },
        {
            "id": "100056655078333",
            "count": 0,
            "name": "Vương Bảo Ngọc"
        },
        {
            "id": "100037798039639",
            "count": 0,
            "name": "Công Hoàng"
        },
        {
            "id": "100080320160314",
            "count": 0,
            "name": "Chuppy Đần"
        },
        {
            "id": "100080016678776",
            "count": 0,
            "name": "Bùi Văn Tuyển"
        },
        {
            "id": "100080447846780",
            "count": 0,
            "name": "Tr Phuowgn Ahn"
        },
        {
            "id": "100036192224718",
            "count": 0,
            "name": "Điện Lạnh Hoàng Quý"
        },
        {
            "id": "100091843691756",
            "count": 0,
            "name": "Chí Vĩ Nguyễn"
        },
        {
            "id": "100083504987850",
            "count": 0,
            "name": "Ân Dương"
        },
        {
            "id": "100068096370437",
            "count": 0,
            "name": "Phạm Minh Đồng"
        },
        {
            "id": "100001838241327",
            "count": 0,
            "name": "Phương Anh Thị Trần"
        },
        {
            "id": "100057535474489",
            "count": 0,
            "name": "Hoàng Yến Nhi"
        },
        {
            "id": "100035259633128",
            "count": 0,
            "name": "Hoàng Anh"
        },
        {
            "id": "61551747654503",
            "count": 0,
            "name": "Huy Congpin"
        },
        {
            "id": "100081990332302",
            "count": 0,
            "name": "Vii Minhh"
        },
        {
            "id": "100074221904746",
            "count": 0,
            "name": "Minh Thiện"
        },
        {
            "id": "100047039142346",
            "count": 0,
            "name": "Nguyễn Hoàng Nam"
        },
        {
            "id": "100009193419033",
            "count": 0,
            "name": "Người dùng Facebook"
        },
        {
            "id": "100049614330984",
            "count": 0,
            "name": "Nguyễn Bảo"
        },
        {
            "id": "100065621942093",
            "count": 0,
            "name": "Nguyễn Thế Quang"
        },
        {
            "id": "100075107771201",
            "count": 0,
            "name": "Ntn Hieu"
        },
        {
            "id": "100001837873386",
            "count": 0,
            "name": "Trần Thị Kim Anh"
        }
    ],
    "day": [
        {
            "id": "61553837864064",
            "count": 0,
            "name": "Người dùng facebook"
        },
        {
            "id": "100085606754366",
            "count": 0,
            "name": "Người dùng facebook"
        },
        {
            "id": "100033553095083",
            "count": 0,
            "name": "Người dùng facebook"
        },
        {
            "id": "100056655078333",
            "count": 0,
            "name": "Người dùng facebook"
        },
        {
            "id": "100037798039639",
            "count": 0,
            "name": "Người dùng facebook"
        },
        {
            "id": "100080320160314",
            "count": 0,
            "name": "Người dùng facebook"
        },
        {
            "id": "100080016678776",
            "count": 0,
            "name": "Người dùng facebook"
        },
        {
            "id": "100080447846780",
            "count": 0,
            "name": "Người dùng facebook"
        },
        {
            "id": "100036192224718",
            "count": 0,
            "name": "Người dùng facebook"
        },
        {
            "id": "100091843691756",
            "count": 0,
            "name": "Người dùng facebook"
        },
        {
            "id": "100083504987850",
            "count": 0,
            "name": "Người dùng facebook"
        },
        {
            "id": "100068096370437",
            "count": 0,
            "name": "Phạm Minh Đồng"
        },
        {
            "id": "100001838241327",
            "count": 0,
            "name": "Phương Anh Thị Trần"
        },
        {
            "id": "100057535474489",
            "count": 0,
            "name": "Người dùng facebook"
        },
        {
            "id": "100035259633128",
            "count": 0,
            "name": "Người dùng facebook"
        },
        {
            "id": "61551747654503",
            "count": 0,
            "name": "Người dùng facebook"
        },
        {
            "id": "100081990332302",
            "count": 0,
            "name": "Người dùng facebook"
        },
        {
            "id": "100074221904746",
            "count": 0,
            "name": "Người dùng facebook"
        },
        {
            "id": "100047039142346",
            "count": 0,
            "name": "Người dùng facebook"
        },
        {
            "id": "100009193419033",
            "count": 0,
            "name": "Người dùng facebook"
        },
        {
            "id": "100049614330984",
            "count": 0,
            "name": "Người dùng facebook"
        },
        {
            "id": "100065621942093",
            "count": 0,
            "name": "Người dùng facebook"
        },
        {
            "id": "100075107771201",
            "count": 0,
            "name": "Người dùng facebook"
        },
        {
            "id": "100001837873386",
            "count": 0,
            "name": "Trần Thị Kim Anh"
        }
    ],
    "time": 6,
    "last": {
        "time": 4,
        "day": [
            {
                "id": "61553837864064",
                "count": 0
            },
            {
                "id": "100085606754366",
                "count": 0
            },
            {
                "id": "100033553095083",
                "count": 0
            },
            {
                "id": "100056655078333",
                "count": 0
            },
            {
                "id": "100037798039639",
                "count": 0
            },
            {
                "id": "100080320160314",
                "count": 0
            },
            {
                "id": "100080016678776",
                "count": 0
            },
            {
                "id": "100080447846780",
                "count": 0
            },
            {
                "id": "100036192224718",
                "count": 0
            },
            {
                "id": "100091843691756",
                "count": 0
            },
            {
                "id": "100083504987850",
                "count": 0
            },
            {
                "id": "100068096370437",
                "count": 0
            },
            {
                "id": "100001838241327",
                "count": 0
            },
            {
                "id": "100057535474489",
                "count": 0
            },
            {
                "id": "100035259633128",
                "count": 0
            },
            {
                "id": "61551747654503",
                "count": 0
            },
            {
                "id": "100081990332302",
                "count": 0
            },
            {
                "id": "100074221904746",
                "count": 0
            },
            {
                "id": "100047039142346",
                "count": 0
            },
            {
                "id": "100009193419033",
                "count": 0
            },
            {
                "id": "100049614330984",
                "count": 0
            },
            {
                "id": "100065621942093",
                "count": 0
            },
            {
                "id": "100075107771201",
                "count": 0
            },
            {
                "id": "100001837873386",
                "count": 0
            }
        ],
        "week": [
            {
                "id": "61553837864064",
                "count": 0
            },
            {
                "id": "100085606754366",
                "count": 0
            },
            {
                "id": "100033553095083",
                "count": 0
            },
            {
                "id": "100056655078333",
                "count": 0
            },
            {
                "id": "100037798039639",
                "count": 0
            },
            {
                "id": "100080320160314",
                "count": 0
            },
            {
                "id": "100080016678776",
                "count": 0
            },
            {
                "id": "100080447846780",
                "count": 0
            },
            {
                "id": "100036192224718",
                "count": 0
            },
            {
                "id": "100091843691756",
                "count": 0
            },
            {
                "id": "100083504987850",
                "count": 0
            },
            {
                "id": "100068096370437",
                "count": 0
            },
            {
                "id": "100001838241327",
                "count": 0
            },
            {
                "id": "100057535474489",
                "count": 0
            },
            {
                "id": "100035259633128",
                "count": 0
            },
            {
                "id": "61551747654503",
                "count": 0
            },
            {
                "id": "100081990332302",
                "count": 0
            },
            {
                "id": "100074221904746",
                "count": 0
            },
            {
                "id": "100047039142346",
                "count": 0
            },
            {
                "id": "100009193419033",
                "count": 0
            },
            {
                "id": "100049614330984",
                "count": 0
            },
            {
                "id": "100065621942093",
                "count": 0
            },
            {
                "id": "100075107771201",
                "count": 0
            },
            {
                "id": "100001837873386",
                "count": 0
            }
        ]
    }
}