{
    "total": [
        {
            "id": "100041659579465",
            "count": 194
        },
        {
            "id": "100080418210790",
            "count": 882
        },
        {
            "id": "100079548167019",
            "count": 513
        },
        {
            "id": "100076427276402",
            "count": 5
        },
        {
            "id": "100068096370437",
            "count": 35
        },
        {
            "id": "100001837873386",
            "count": 0
        },
        {
            "id": "100073593469386",
            "count": 43
        },
        {
            "id": "100073578924818",
            "count": 76
        },
        {
            "id": "100074334713040",
            "count": 13
        },
        {
            "id": "61556399663814",
            "count": 14
        },
        {
            "id": "100087850929918",
            "count": 51
        },
        {
            "id": "100008373421436",
            "count": 0
        }
    ],
    "week": [
        {
            "id": "100041659579465",
            "count": 179,
            "name": "Bùi Quốc Lập"
        },
        {
            "id": "100080418210790",
            "count": 211,
            "name": "Nguyễn Thuỳ Trang"
        },
        {
            "id": "100079548167019",
            "count": 241,
            "name": "Nguyễn Thúy Bình"
        },
        {
            "id": "100076427276402",
            "count": 0,
            "name": "Đào Minh Quân"
        },
        {
            "id": "100068096370437",
            "count": 25,
            "name": "Phạm Minh Đồng"
        },
        {
            "id": "100001837873386",
            "count": 0,
            "name": "Trần Thị Kim Anh"
        },
        {
            "id": "100073593469386",
            "count": 43
        },
        {
            "id": "100073578924818",
            "count": 76
        },
        {
            "id": "100074334713040",
            "count": 13
        },
        {
            "id": "61556399663814",
            "count": 14
        },
        {
            "id": "100087850929918",
            "count": 51
        },
        {
            "id": "100008373421436",
            "count": 0
        }
    ],
    "day": [
        {
            "id": "100041659579465",
            "count": 0,
            "name": "Người dùng facebook"
        },
        {
            "id": "100080418210790",
            "count": 0,
            "name": "Người dùng facebook"
        },
        {
            "id": "100079548167019",
            "count": 0,
            "name": "Người dùng facebook"
        },
        {
            "id": "100076427276402",
            "count": 0,
            "name": "Người dùng facebook"
        },
        {
            "id": "100068096370437",
            "count": 0,
            "name": "Phạm Minh Đồng"
        },
        {
            "id": "100001837873386",
            "count": 0,
            "name": "Trần Thị Kim Anh"
        },
        {
            "id": "100073593469386",
            "count": 0,
            "name": "Người dùng facebook"
        },
        {
            "id": "100073578924818",
            "count": 0,
            "name": "Người dùng facebook"
        },
        {
            "id": "100074334713040",
            "count": 0,
            "name": "Người dùng facebook"
        },
        {
            "id": "61556399663814",
            "count": 0,
            "name": "Người dùng facebook"
        },
        {
            "id": "100087850929918",
            "count": 0,
            "name": "Người dùng facebook"
        },
        {
            "id": "100008373421436",
            "count": 0,
            "name": "Người dùng Facebook"
        }
    ],
    "time": 6,
    "last": {
        "time": 4,
        "day": [
            {
                "id": "100027506326365",
                "count": 0
            },
            {
                "id": "100076427276402",
                "count": 0
            },
            {
                "id": "100041659579465",
                "count": 0
            },
            {
                "id": "100080418210790",
                "count": 0
            },
            {
                "id": "100075492572706",
                "count": 0
            },
            {
                "id": "100005555700185",
                "count": 0
            },
            {
                "id": "100094290653891",
                "count": 0
            },
            {
                "id": "100089995660399",
                "count": 0
            },
            {
                "id": "100051707539657",
                "count": 0
            },
            {
                "id": "61550697854762",
                "count": 0
            },
            {
                "id": "100081218162568",
                "count": 0
            },
            {
                "id": "100089372453047",
                "count": 0
            },
            {
                "id": "100001837873386",
                "count": 0
            },
            {
                "id": "100009193419033",
                "count": 0
            },
            {
                "id": "100047275181999",
                "count": 0
            },
            {
                "id": "100049837665106",
                "count": 0
            },
            {
                "id": "100065461899349",
                "count": 0
            },
            {
                "id": "100087850929918",
                "count": 0
            },
            {
                "id": "100038343469409",
                "count": 0
            },
            {
                "id": "100049529107178",
                "count": 0
            },
            {
                "id": "100087000403296",
                "count": 0
            },
            {
                "id": "100061250193582",
                "count": 0
            },
            {
                "id": "100028169736296",
                "count": 0
            },
            {
                "id": "100013239107629",
                "count": 0
            },
            {
                "id": "100028068066322",
                "count": 0
            },
            {
                "id": "100069735812596",
                "count": 0
            },
            {
                "id": "100039577755915",
                "count": 0
            },
            {
                "id": "100083655555645",
                "count": 0
            },
            {
                "id": "100033973363232",
                "count": 0
            },
            {
                "id": "100028255478328",
                "count": 0
            },
            {
                "id": "100083631007052",
                "count": 0
            },
            {
                "id": "100095281716312",
                "count": 0
            },
            {
                "id": "100068470876865",
                "count": 0
            },
            {
                "id": "100036852498386",
                "count": 0
            },
            {
                "id": "100023542371246",
                "count": 0
            },
            {
                "id": "100059914063819",
                "count": 0
            },
            {
                "id": "100059374452231",
                "count": 0
            },
            {
                "id": "61555867836327",
                "count": 0
            },
            {
                "id": "61554187374920",
                "count": 0
            },
            {
                "id": "100012575807717",
                "count": 0
            },
            {
                "id": "100090526043783",
                "count": 0
            },
            {
                "id": "100073639142479",
                "count": 0
            },
            {
                "id": "100092369470887",
                "count": 0
            },
            {
                "id": "100021951997534",
                "count": 0
            },
            {
                "id": "100074073837277",
                "count": 0
            },
            {
                "id": "100093603948452",
                "count": 0
            },
            {
                "id": "61552082597029",
                "count": 0
            },
            {
                "id": "100026325366575",
                "count": 0
            },
            {
                "id": "100013097865791",
                "count": 0
            },
            {
                "id": "100033813400920",
                "count": 0
            },
            {
                "id": "100079548167019",
                "count": 0
            },
            {
                "id": "100073578924818",
                "count": 0
            },
            {
                "id": "100071343709430",
                "count": 0
            },
            {
                "id": "100087971054083",
                "count": 0
            },
            {
                "id": "100081510827893",
                "count": 0
            },
            {
                "id": "100068096370437",
                "count": 0
            },
            {
                "id": "100081627890159",
                "count": 0
            },
            {
                "id": "100044609509330",
                "count": 0
            },
            {
                "id": "61552512115727",
                "count": 0
            },
            {
                "id": "61556399663814",
                "count": 0
            },
            {
                "id": "100027798677144",
                "count": 0
            },
            {
                "id": "100074709091405",
                "count": 0
            },
            {
                "id": "100010651419697",
                "count": 0
            },
            {
                "id": "100087329163359",
                "count": 0
            },
            {
                "id": "100081507744064",
                "count": 0
            },
            {
                "id": "100085144208795",
                "count": 0
            },
            {
                "id": "100080588989453",
                "count": 0
            },
            {
                "id": "61551620020425",
                "count": 0
            },
            {
                "id": "100084176906242",
                "count": 0
            },
            {
                "id": "100051669790239",
                "count": 0
            },
            {
                "id": "100087809430248",
                "count": 0
            },
            {
                "id": "100093108816202",
                "count": 0
            },
            {
                "id": "100058940613760",
                "count": 0
            },
            {
                "id": "100091195041626",
                "count": 0
            },
            {
                "id": "100095377312149",
                "count": 0
            },
            {
                "id": "100094882102981",
                "count": 0
            },
            {
                "id": "61555478241957",
                "count": 0
            },
            {
                "id": "61555819006810",
                "count": 0
            },
            {
                "id": "100083412458390",
                "count": 0
            },
            {
                "id": "100006926802752",
                "count": 0
            },
            {
                "id": "100085127327916",
                "count": 0
            },
            {
                "id": "100065533754747",
                "count": 0
            },
            {
                "id": "100026633449948",
                "count": 0
            },
            {
                "id": "100073593469386",
                "count": 0
            },
            {
                "id": "100074334713040",
                "count": 0
            },
            {
                "id": "100008373421436",
                "count": 0
            }
        ],
        "week": [
            {
                "id": "100027506326365",
                "count": 0
            },
            {
                "id": "100076427276402",
                "count": 0
            },
            {
                "id": "100041659579465",
                "count": 0
            },
            {
                "id": "100080418210790",
                "count": 0
            },
            {
                "id": "100075492572706",
                "count": 0
            },
            {
                "id": "100005555700185",
                "count": 0
            },
            {
                "id": "100094290653891",
                "count": 0
            },
            {
                "id": "100089995660399",
                "count": 0
            },
            {
                "id": "100051707539657",
                "count": 0
            },
            {
                "id": "61550697854762",
                "count": 0
            },
            {
                "id": "100081218162568",
                "count": 0
            },
            {
                "id": "100089372453047",
                "count": 0
            },
            {
                "id": "100001837873386",
                "count": 0
            },
            {
                "id": "100009193419033",
                "count": 0
            },
            {
                "id": "100047275181999",
                "count": 0
            },
            {
                "id": "100049837665106",
                "count": 0
            },
            {
                "id": "100065461899349",
                "count": 0
            },
            {
                "id": "100087850929918",
                "count": 0
            },
            {
                "id": "100038343469409",
                "count": 0
            },
            {
                "id": "100049529107178",
                "count": 0
            },
            {
                "id": "100087000403296",
                "count": 0
            },
            {
                "id": "100061250193582",
                "count": 0
            },
            {
                "id": "100028169736296",
                "count": 0
            },
            {
                "id": "100013239107629",
                "count": 0
            },
            {
                "id": "100028068066322",
                "count": 0
            },
            {
                "id": "100069735812596",
                "count": 0
            },
            {
                "id": "100039577755915",
                "count": 0
            },
            {
                "id": "100083655555645",
                "count": 0
            },
            {
                "id": "100033973363232",
                "count": 0
            },
            {
                "id": "100028255478328",
                "count": 0
            },
            {
                "id": "100083631007052",
                "count": 0
            },
            {
                "id": "100095281716312",
                "count": 0
            },
            {
                "id": "100068470876865",
                "count": 0
            },
            {
                "id": "100036852498386",
                "count": 0
            },
            {
                "id": "100023542371246",
                "count": 0
            },
            {
                "id": "100059914063819",
                "count": 0
            },
            {
                "id": "100059374452231",
                "count": 0
            },
            {
                "id": "61555867836327",
                "count": 0
            },
            {
                "id": "61554187374920",
                "count": 0
            },
            {
                "id": "100012575807717",
                "count": 0
            },
            {
                "id": "100090526043783",
                "count": 0
            },
            {
                "id": "100073639142479",
                "count": 0
            },
            {
                "id": "100092369470887",
                "count": 0
            },
            {
                "id": "100021951997534",
                "count": 0
            },
            {
                "id": "100074073837277",
                "count": 0
            },
            {
                "id": "100093603948452",
                "count": 0
            },
            {
                "id": "61552082597029",
                "count": 0
            },
            {
                "id": "100026325366575",
                "count": 0
            },
            {
                "id": "100013097865791",
                "count": 0
            },
            {
                "id": "100033813400920",
                "count": 0
            },
            {
                "id": "100079548167019",
                "count": 0
            },
            {
                "id": "100073578924818",
                "count": 0
            },
            {
                "id": "100071343709430",
                "count": 0
            },
            {
                "id": "100087971054083",
                "count": 0
            },
            {
                "id": "100081510827893",
                "count": 0
            },
            {
                "id": "100068096370437",
                "count": 0
            },
            {
                "id": "100081627890159",
                "count": 0
            },
            {
                "id": "100044609509330",
                "count": 0
            },
            {
                "id": "61552512115727",
                "count": 0
            },
            {
                "id": "61556399663814",
                "count": 0
            },
            {
                "id": "100027798677144",
                "count": 0
            },
            {
                "id": "100074709091405",
                "count": 0
            },
            {
                "id": "100010651419697",
                "count": 0
            },
            {
                "id": "100087329163359",
                "count": 0
            },
            {
                "id": "100081507744064",
                "count": 0
            },
            {
                "id": "100085144208795",
                "count": 0
            },
            {
                "id": "100080588989453",
                "count": 0
            },
            {
                "id": "61551620020425",
                "count": 0
            },
            {
                "id": "100084176906242",
                "count": 0
            },
            {
                "id": "100051669790239",
                "count": 0
            },
            {
                "id": "100087809430248",
                "count": 0
            },
            {
                "id": "100093108816202",
                "count": 0
            },
            {
                "id": "100058940613760",
                "count": 0
            },
            {
                "id": "100091195041626",
                "count": 0
            },
            {
                "id": "100095377312149",
                "count": 0
            },
            {
                "id": "100094882102981",
                "count": 0
            },
            {
                "id": "61555478241957",
                "count": 0
            },
            {
                "id": "61555819006810",
                "count": 0
            },
            {
                "id": "100083412458390",
                "count": 0
            },
            {
                "id": "100006926802752",
                "count": 0
            },
            {
                "id": "100085127327916",
                "count": 0
            },
            {
                "id": "100065533754747",
                "count": 0
            },
            {
                "id": "100026633449948",
                "count": 0
            },
            {
                "id": "100073593469386",
                "count": 0
            },
            {
                "id": "100074334713040",
                "count": 0
            },
            {
                "id": "100008373421436",
                "count": 0
            }
        ]
    }
}