{
    "total": [
        {
            "id": "61553735620628",
            "count": 27
        },
        {
            "id": "100089318180507",
            "count": 11
        },
        {
            "id": "100092547991763",
            "count": 4
        },
        {
            "id": "100094336780796",
            "count": 0
        },
        {
            "id": "100076121932807",
            "count": 0
        },
        {
            "id": "61551382113888",
            "count": 9
        },
        {
            "id": "100090168070553",
            "count": 15
        },
        {
            "id": "100081465311081",
            "count": 0
        },
        {
            "id": "100049926450257",
            "count": 26
        },
        {
            "id": "61554657366350",
            "count": 0
        },
        {
            "id": "100058095340080",
            "count": 2
        },
        {
            "id": "100068618059409",
            "count": 1
        },
        {
            "id": "100059630210670",
            "count": 21
        },
        {
            "id": "61555705686008",
            "count": 0
        },
        {
            "id": "100089622183406",
            "count": 8
        },
        {
            "id": "61554480147422",
            "count": 0
        },
        {
            "id": "100085944766959",
            "count": 0
        },
        {
            "id": "100075746021176",
            "count": 0
        },
        {
            "id": "61554535356720",
            "count": 0
        },
        {
            "id": "100094242012912",
            "count": 103
        },
        {
            "id": "100092127796327",
            "count": 1
        },
        {
            "id": "100093850773993",
            "count": 0
        },
        {
            "id": "100045044874159",
            "count": 0
        },
        {
            "id": "100085419141618",
            "count": 1
        },
        {
            "id": "100095445670399",
            "count": 0
        },
        {
            "id": "100030171997993",
            "count": 0
        },
        {
            "id": "100084225200116",
            "count": 8
        },
        {
            "id": "100066103215102",
            "count": 1
        },
        {
            "id": "100092009466021",
            "count": 13
        },
        {
            "id": "100052137129503",
            "count": 0
        },
        {
            "id": "100089342824164",
            "count": 0
        },
        {
            "id": "100087867584586",
            "count": 0
        },
        {
            "id": "61555117731210",
            "count": 10
        },
        {
            "id": "100082162204213",
            "count": 0
        },
        {
            "id": "100074385573637",
            "count": 271
        },
        {
            "id": "61551737793463",
            "count": 0
        },
        {
            "id": "100085210696447",
            "count": 0
        },
        {
            "id": "100046022352748",
            "count": 0
        },
        {
            "id": "100070316622913",
            "count": 1
        },
        {
            "id": "100073793182559",
            "count": 13
        },
        {
            "id": "100089592373709",
            "count": 0
        },
        {
            "id": "100090906971458",
            "count": 2
        },
        {
            "id": "100071896082963",
            "count": 0
        },
        {
            "id": "100060813660812",
            "count": 4
        },
        {
            "id": "100081881660412",
            "count": 7
        },
        {
            "id": "100084818367380",
            "count": 0
        },
        {
            "id": "100090482589417",
            "count": 0
        },
        {
            "id": "100058394002857",
            "count": 0
        },
        {
            "id": "100080763308672",
            "count": 0
        },
        {
            "id": "100071164543331",
            "count": 0
        },
        {
            "id": "100095626562096",
            "count": 0
        },
        {
            "id": "61550628473543",
            "count": 0
        },
        {
            "id": "100077047542259",
            "count": 0
        },
        {
            "id": "61553410544532",
            "count": 3
        },
        {
            "id": "100083149664433",
            "count": 3
        },
        {
            "id": "61553388394033",
            "count": 0
        },
        {
            "id": "61552724340869",
            "count": 0
        },
        {
            "id": "100076821686783",
            "count": 0
        },
        {
            "id": "100044267954040",
            "count": 0
        },
        {
            "id": "100091907333646",
            "count": 16
        },
        {
            "id": "61550236050642",
            "count": 2
        },
        {
            "id": "61554857334283",
            "count": 206
        },
        {
            "id": "61552176620762",
            "count": 1
        },
        {
            "id": "61550199483658",
            "count": 141
        },
        {
            "id": "100000194247253",
            "count": 2
        },
        {
            "id": "61555805270884",
            "count": 0
        },
        {
            "id": "100089660114353",
            "count": 0
        },
        {
            "id": "100093323497427",
            "count": 0
        },
        {
            "id": "100001837873386",
            "count": 0
        },
        {
            "id": "100093636677644",
            "count": 12
        },
        {
            "id": "100009193419033",
            "count": 0
        },
        {
            "id": "61550105596488",
            "count": 0
        },
        {
            "id": "61554106901434",
            "count": 6
        },
        {
            "id": "61552571365237",
            "count": 0
        },
        {
            "id": "100058534576403",
            "count": 0
        },
        {
            "id": "61556014989394",
            "count": 0
        },
        {
            "id": "100048644040489",
            "count": 0
        },
        {
            "id": "100077745661408",
            "count": 0
        },
        {
            "id": "100047235194461",
            "count": 1
        },
        {
            "id": "100049391288477",
            "count": 0
        },
        {
            "id": "100078468368522",
            "count": 0
        },
        {
            "id": "100089123215900",
            "count": 41
        },
        {
            "id": "100081910772546",
            "count": 91
        },
        {
            "id": "100092511254091",
            "count": 2
        },
        {
            "id": "61556173452419",
            "count": 0
        },
        {
            "id": "100081243862720",
            "count": 0
        }
    ],
    "week": [
        {
            "id": "61553735620628",
            "count": 0,
            "name": "Bebe Àa"
        },
        {
            "id": "100089318180507",
            "count": 0,
            "name": "Việt Đại"
        },
        {
            "id": "100092547991763",
            "count": 0,
            "name": "Vinh Chiu"
        },
        {
            "id": "100094336780796",
            "count": 0,
            "name": "Minh Hằng"
        },
        {
            "id": "100076121932807",
            "count": 0,
            "name": "Vu T. Quynh Anh"
        },
        {
            "id": "61551382113888",
            "count": 0,
            "name": "Do Thanh Dat"
        },
        {
            "id": "100090168070553",
            "count": 0,
            "name": "Tii Enn Tii"
        },
        {
            "id": "100081465311081",
            "count": 0,
            "name": "Diệp Minzy"
        },
        {
            "id": "100049926450257",
            "count": 0,
            "name": "Thiên Vương"
        },
        {
            "id": "61554657366350",
            "count": 0,
            "name": "Trương Văn Vũ"
        },
        {
            "id": "100058095340080",
            "count": 0,
            "name": "Vũ Tiến Minh"
        },
        {
            "id": "100068618059409",
            "count": 0,
            "name": "Duy Đồng"
        },
        {
            "id": "100059630210670",
            "count": 0,
            "name": "Shuu Shuu"
        },
        {
            "id": "61555705686008",
            "count": 0,
            "name": "Baoo Giaa"
        },
        {
            "id": "100089622183406",
            "count": 0,
            "name": "Bin Zinky's"
        },
        {
            "id": "61554480147422",
            "count": 0,
            "name": "Trịnh Hoàng Bảo Khang"
        },
        {
            "id": "100085944766959",
            "count": 0,
            "name": "Minh Thần"
        },
        {
            "id": "100075746021176",
            "count": 0,
            "name": "Thùy Linh"
        },
        {
            "id": "61554535356720",
            "count": 0,
            "name": "Người dùng Facebook"
        },
        {
            "id": "100094242012912",
            "count": 0,
            "name": "Đoàn Trần Lan Aanh"
        },
        {
            "id": "100092127796327",
            "count": 0,
            "name": "Thanhhoài Ghệđẹpcủaanh"
        },
        {
            "id": "100093850773993",
            "count": 0,
            "name": "Hưng Trần"
        },
        {
            "id": "100045044874159",
            "count": 0,
            "name": "Trần Ngọc Trung 🥭✅"
        },
        {
            "id": "100085419141618",
            "count": 0,
            "name": "Nguyễn Linh Chi"
        },
        {
            "id": "100095445670399",
            "count": 0,
            "name": "Chum Hy"
        },
        {
            "id": "100030171997993",
            "count": 0,
            "name": "Trương Việt Hoàng"
        },
        {
            "id": "100084225200116",
            "count": 0,
            "name": "Hiếu'x Lươn'x Lẹo'x"
        },
        {
            "id": "100066103215102",
            "count": 0,
            "name": "Nam Hoàii"
        },
        {
            "id": "100092009466021",
            "count": 0,
            "name": "Namm Saddboyy"
        },
        {
            "id": "100052137129503",
            "count": 0,
            "name": "Ngọc Lann"
        },
        {
            "id": "100089342824164",
            "count": 0,
            "name": "Người dùng Facebook"
        },
        {
            "id": "100087867584586",
            "count": 0,
            "name": "Thiều Quang Trường"
        },
        {
            "id": "61555117731210",
            "count": 0,
            "name": "Nguyễn Vĩ Kiệt"
        },
        {
            "id": "100082162204213",
            "count": 0,
            "name": "Camm Vann"
        },
        {
            "id": "100074385573637",
            "count": 0,
            "name": "Hoàng Minh"
        },
        {
            "id": "61551737793463",
            "count": 0,
            "name": "Huỳnh Triết"
        },
        {
            "id": "100085210696447",
            "count": 0,
            "name": "Huỳnh Hoàng Long"
        },
        {
            "id": "100046022352748",
            "count": 0,
            "name": "Lee Lee"
        },
        {
            "id": "100070316622913",
            "count": 0,
            "name": "Ngọc Ninh"
        },
        {
            "id": "100073793182559",
            "count": 0,
            "name": "Ngọc Thành"
        },
        {
            "id": "100089592373709",
            "count": 0,
            "name": "Thằng Hề"
        },
        {
            "id": "100090906971458",
            "count": 0,
            "name": "Bảo Trân"
        },
        {
            "id": "100071896082963",
            "count": 0,
            "name": "Phạm Hùng"
        },
        {
            "id": "100060813660812",
            "count": 0,
            "name": "Nguyễn Viết Hoàng"
        },
        {
            "id": "100081881660412",
            "count": 0,
            "name": "Phan Thị Hồng Vân"
        },
        {
            "id": "100084818367380",
            "count": 0,
            "name": "Trà My"
        },
        {
            "id": "100090482589417",
            "count": 0,
            "name": "Nguyễn Việt Hoàng"
        },
        {
            "id": "100058394002857",
            "count": 0,
            "name": "Đỗ T.Anh"
        },
        {
            "id": "100080763308672",
            "count": 0,
            "name": "ʚVuthi Tramyɞ"
        },
        {
            "id": "100071164543331",
            "count": 0,
            "name": "Vuthi Tramy"
        },
        {
            "id": "100095626562096",
            "count": 0,
            "name": "Minh Trí"
        },
        {
            "id": "61550628473543",
            "count": 0,
            "name": "Voiu Vietanh"
        },
        {
            "id": "100077047542259",
            "count": 0,
            "name": "Phạm Văn Vũ JW"
        },
        {
            "id": "61553410544532",
            "count": 0,
            "name": "Ng Thu"
        },
        {
            "id": "100083149664433",
            "count": 0,
            "name": "Đoàn Bảo Hân"
        },
        {
            "id": "61553388394033",
            "count": 0,
            "name": "Kim Đồng"
        },
        {
            "id": "61552724340869",
            "count": 0,
            "name": "Minhh Tuann"
        },
        {
            "id": "100076821686783",
            "count": 0,
            "name": "Trung Khánh"
        },
        {
            "id": "100044267954040",
            "count": 0,
            "name": "Trung Phạm"
        },
        {
            "id": "100091907333646",
            "count": 0,
            "name": "Bảo Châu"
        },
        {
            "id": "61550236050642",
            "count": 0,
            "name": "BốLà KhánhVăn"
        },
        {
            "id": "61554857334283",
            "count": 0,
            "name": "Nguyễn Hoàng Hữu Trí"
        },
        {
            "id": "61552176620762",
            "count": 0,
            "name": "Tường Vy"
        },
        {
            "id": "61550199483658",
            "count": 0,
            "name": "Khủng Long Ai"
        },
        {
            "id": "100000194247253",
            "count": 0,
            "name": "Nguyen Huu Trin"
        },
        {
            "id": "61555805270884",
            "count": 0,
            "name": "Hoàng Thị Thùy Linh"
        },
        {
            "id": "100089660114353",
            "count": 0,
            "name": "Khánhh Vy"
        },
        {
            "id": "100093323497427",
            "count": 0,
            "name": "Nguyễn Huy"
        },
        {
            "id": "100001837873386",
            "count": 0,
            "name": "Trần Thị Kim Anh"
        },
        {
            "id": "100093636677644",
            "count": 0,
            "name": "Khanhh Quynhh"
        },
        {
            "id": "100009193419033",
            "count": 0,
            "name": "Người dùng Facebook"
        },
        {
            "id": "61550105596488",
            "count": 0,
            "name": "Anh Minh"
        },
        {
            "id": "61554106901434",
            "count": 0,
            "name": "Nguyễn Mạnh Gia Bảo"
        },
        {
            "id": "61552571365237",
            "count": 0,
            "name": "Ngọc Hân"
        },
        {
            "id": "100058534576403",
            "count": 0,
            "name": "Tran Huy Hoang"
        },
        {
            "id": "61556014989394",
            "count": 0,
            "name": "Kiều Ngân"
        },
        {
            "id": "100048644040489",
            "count": 0,
            "name": "Tien Van"
        },
        {
            "id": "100077745661408",
            "count": 0,
            "name": "Hờ Nhieen"
        },
        {
            "id": "100047235194461",
            "count": 0,
            "name": "Ngọc Diệu"
        },
        {
            "id": "100049391288477",
            "count": 0,
            "name": "An So Love"
        },
        {
            "id": "100078468368522",
            "count": 0,
            "name": "Người dùng facebook"
        },
        {
            "id": "100089123215900",
            "count": 0,
            "name": "Uh Uh"
        },
        {
            "id": "100081910772546",
            "count": 0,
            "name": "Phạm Thuỳ Dương"
        },
        {
            "id": "100092511254091",
            "count": 0,
            "name": "Ng Thanh Mai"
        },
        {
            "id": "61556173452419",
            "count": 0,
            "name": "Người dùng facebook"
        },
        {
            "id": "100081243862720",
            "count": 0,
            "name": "Người dùng facebook"
        }
    ],
    "day": [
        {
            "id": "61553735620628",
            "count": 0,
            "name": "Người dùng facebook"
        },
        {
            "id": "100089318180507",
            "count": 0,
            "name": "Người dùng facebook"
        },
        {
            "id": "100092547991763",
            "count": 0,
            "name": "Người dùng facebook"
        },
        {
            "id": "100094336780796",
            "count": 0,
            "name": "Người dùng facebook"
        },
        {
            "id": "100076121932807",
            "count": 0,
            "name": "Người dùng facebook"
        },
        {
            "id": "61551382113888",
            "count": 0,
            "name": "Người dùng facebook"
        },
        {
            "id": "100090168070553",
            "count": 0,
            "name": "Người dùng facebook"
        },
        {
            "id": "100081465311081",
            "count": 0,
            "name": "Người dùng facebook"
        },
        {
            "id": "100049926450257",
            "count": 0,
            "name": "Người dùng facebook"
        },
        {
            "id": "61554657366350",
            "count": 0,
            "name": "Người dùng facebook"
        },
        {
            "id": "100058095340080",
            "count": 0,
            "name": "Người dùng facebook"
        },
        {
            "id": "100068618059409",
            "count": 0,
            "name": "Người dùng facebook"
        },
        {
            "id": "100059630210670",
            "count": 0,
            "name": "Người dùng facebook"
        },
        {
            "id": "61555705686008",
            "count": 0,
            "name": "Người dùng facebook"
        },
        {
            "id": "100089622183406",
            "count": 0,
            "name": "Người dùng facebook"
        },
        {
            "id": "61554480147422",
            "count": 0,
            "name": "Người dùng facebook"
        },
        {
            "id": "100085944766959",
            "count": 0,
            "name": "Người dùng facebook"
        },
        {
            "id": "100075746021176",
            "count": 0,
            "name": "Người dùng facebook"
        },
        {
            "id": "61554535356720",
            "count": 0,
            "name": "Người dùng facebook"
        },
        {
            "id": "100094242012912",
            "count": 0,
            "name": "Người dùng facebook"
        },
        {
            "id": "100092127796327",
            "count": 0,
            "name": "Người dùng facebook"
        },
        {
            "id": "100093850773993",
            "count": 0,
            "name": "Người dùng facebook"
        },
        {
            "id": "100045044874159",
            "count": 0,
            "name": "Người dùng facebook"
        },
        {
            "id": "100085419141618",
            "count": 0,
            "name": "Người dùng facebook"
        },
        {
            "id": "100095445670399",
            "count": 0,
            "name": "Người dùng facebook"
        },
        {
            "id": "100030171997993",
            "count": 0,
            "name": "Người dùng facebook"
        },
        {
            "id": "100084225200116",
            "count": 0,
            "name": "Người dùng facebook"
        },
        {
            "id": "100066103215102",
            "count": 0,
            "name": "Người dùng facebook"
        },
        {
            "id": "100092009466021",
            "count": 0,
            "name": "Người dùng facebook"
        },
        {
            "id": "100052137129503",
            "count": 0,
            "name": "Người dùng facebook"
        },
        {
            "id": "100089342824164",
            "count": 0,
            "name": "Người dùng facebook"
        },
        {
            "id": "100087867584586",
            "count": 0,
            "name": "Người dùng facebook"
        },
        {
            "id": "61555117731210",
            "count": 0,
            "name": "Người dùng facebook"
        },
        {
            "id": "100082162204213",
            "count": 0,
            "name": "Người dùng facebook"
        },
        {
            "id": "100074385573637",
            "count": 0,
            "name": "Người dùng facebook"
        },
        {
            "id": "61551737793463",
            "count": 0,
            "name": "Người dùng facebook"
        },
        {
            "id": "100085210696447",
            "count": 0,
            "name": "Người dùng facebook"
        },
        {
            "id": "100046022352748",
            "count": 0,
            "name": "Người dùng facebook"
        },
        {
            "id": "100070316622913",
            "count": 0,
            "name": "Người dùng facebook"
        },
        {
            "id": "100073793182559",
            "count": 0,
            "name": "Người dùng facebook"
        },
        {
            "id": "100089592373709",
            "count": 0,
            "name": "Người dùng facebook"
        },
        {
            "id": "100090906971458",
            "count": 0,
            "name": "Người dùng facebook"
        },
        {
            "id": "100071896082963",
            "count": 0,
            "name": "Người dùng facebook"
        },
        {
            "id": "100060813660812",
            "count": 0,
            "name": "Người dùng facebook"
        },
        {
            "id": "100081881660412",
            "count": 0,
            "name": "Người dùng facebook"
        },
        {
            "id": "100084818367380",
            "count": 0,
            "name": "Người dùng facebook"
        },
        {
            "id": "100090482589417",
            "count": 0,
            "name": "Người dùng facebook"
        },
        {
            "id": "100058394002857",
            "count": 0,
            "name": "Người dùng facebook"
        },
        {
            "id": "100080763308672",
            "count": 0,
            "name": "Người dùng facebook"
        },
        {
            "id": "100071164543331",
            "count": 0,
            "name": "Người dùng facebook"
        },
        {
            "id": "100095626562096",
            "count": 0,
            "name": "Người dùng facebook"
        },
        {
            "id": "61550628473543",
            "count": 0,
            "name": "Người dùng facebook"
        },
        {
            "id": "100077047542259",
            "count": 0,
            "name": "Người dùng facebook"
        },
        {
            "id": "61553410544532",
            "count": 0,
            "name": "Người dùng facebook"
        },
        {
            "id": "100083149664433",
            "count": 0,
            "name": "Người dùng facebook"
        },
        {
            "id": "61553388394033",
            "count": 0,
            "name": "Người dùng facebook"
        },
        {
            "id": "61552724340869",
            "count": 0,
            "name": "Người dùng facebook"
        },
        {
            "id": "100076821686783",
            "count": 0,
            "name": "Người dùng facebook"
        },
        {
            "id": "100044267954040",
            "count": 0,
            "name": "Người dùng facebook"
        },
        {
            "id": "100091907333646",
            "count": 0,
            "name": "Người dùng facebook"
        },
        {
            "id": "61550236050642",
            "count": 0,
            "name": "Người dùng facebook"
        },
        {
            "id": "61554857334283",
            "count": 0,
            "name": "Người dùng facebook"
        },
        {
            "id": "61552176620762",
            "count": 0,
            "name": "Người dùng facebook"
        },
        {
            "id": "61550199483658",
            "count": 0,
            "name": "Người dùng facebook"
        },
        {
            "id": "100000194247253",
            "count": 0,
            "name": "Người dùng facebook"
        },
        {
            "id": "61555805270884",
            "count": 0,
            "name": "Người dùng facebook"
        },
        {
            "id": "100089660114353",
            "count": 0,
            "name": "Người dùng facebook"
        },
        {
            "id": "100093323497427",
            "count": 0,
            "name": "Người dùng facebook"
        },
        {
            "id": "100001837873386",
            "count": 0,
            "name": "Trần Thị Kim Anh"
        },
        {
            "id": "100093636677644",
            "count": 0,
            "name": "Người dùng facebook"
        },
        {
            "id": "100009193419033",
            "count": 0,
            "name": "Người dùng facebook"
        },
        {
            "id": "61550105596488",
            "count": 0,
            "name": "Người dùng facebook"
        },
        {
            "id": "61554106901434",
            "count": 0,
            "name": "Người dùng facebook"
        },
        {
            "id": "61552571365237",
            "count": 0,
            "name": "Người dùng facebook"
        },
        {
            "id": "100058534576403",
            "count": 0,
            "name": "Người dùng facebook"
        },
        {
            "id": "61556014989394",
            "count": 0,
            "name": "Người dùng facebook"
        },
        {
            "id": "100048644040489",
            "count": 0,
            "name": "Người dùng facebook"
        },
        {
            "id": "100077745661408",
            "count": 0,
            "name": "Người dùng facebook"
        },
        {
            "id": "100047235194461",
            "count": 0,
            "name": "Người dùng facebook"
        },
        {
            "id": "100049391288477",
            "count": 0,
            "name": "Người dùng facebook"
        },
        {
            "id": "100078468368522",
            "count": 0,
            "name": "Người dùng facebook"
        },
        {
            "id": "100089123215900",
            "count": 0,
            "name": "Người dùng facebook"
        },
        {
            "id": "100081910772546",
            "count": 0,
            "name": "Người dùng facebook"
        },
        {
            "id": "100092511254091",
            "count": 0,
            "name": "Người dùng facebook"
        },
        {
            "id": "61556173452419",
            "count": 0,
            "name": "Người dùng facebook"
        },
        {
            "id": "100081243862720",
            "count": 0,
            "name": "Người dùng facebook"
        }
    ],
    "time": 6,
    "last": {
        "time": 4,
        "day": [
            {
                "id": "61553735620628",
                "count": 0
            },
            {
                "id": "100089318180507",
                "count": 0
            },
            {
                "id": "100092547991763",
                "count": 0
            },
            {
                "id": "100094336780796",
                "count": 0
            },
            {
                "id": "100076121932807",
                "count": 0
            },
            {
                "id": "61551382113888",
                "count": 0
            },
            {
                "id": "100090168070553",
                "count": 0
            },
            {
                "id": "100081465311081",
                "count": 0
            },
            {
                "id": "100049926450257",
                "count": 0
            },
            {
                "id": "61554657366350",
                "count": 0
            },
            {
                "id": "100058095340080",
                "count": 0
            },
            {
                "id": "100068618059409",
                "count": 0
            },
            {
                "id": "100059630210670",
                "count": 0
            },
            {
                "id": "61555705686008",
                "count": 0
            },
            {
                "id": "100018028793205",
                "count": 0
            },
            {
                "id": "100089622183406",
                "count": 0
            },
            {
                "id": "61554480147422",
                "count": 0
            },
            {
                "id": "100085944766959",
                "count": 0
            },
            {
                "id": "100075746021176",
                "count": 0
            },
            {
                "id": "61554535356720",
                "count": 0
            },
            {
                "id": "100094242012912",
                "count": 0
            },
            {
                "id": "100092127796327",
                "count": 0
            },
            {
                "id": "100093850773993",
                "count": 0
            },
            {
                "id": "100045044874159",
                "count": 0
            },
            {
                "id": "100085419141618",
                "count": 0
            },
            {
                "id": "100095445670399",
                "count": 0
            },
            {
                "id": "100030171997993",
                "count": 0
            },
            {
                "id": "100084225200116",
                "count": 0
            },
            {
                "id": "100066103215102",
                "count": 0
            },
            {
                "id": "100092009466021",
                "count": 0
            },
            {
                "id": "100052137129503",
                "count": 0
            },
            {
                "id": "100089342824164",
                "count": 0
            },
            {
                "id": "100087867584586",
                "count": 0
            },
            {
                "id": "61555117731210",
                "count": 0
            },
            {
                "id": "100082162204213",
                "count": 0
            },
            {
                "id": "100074385573637",
                "count": 0
            },
            {
                "id": "61551737793463",
                "count": 0
            },
            {
                "id": "100085210696447",
                "count": 0
            },
            {
                "id": "100046022352748",
                "count": 0
            },
            {
                "id": "100093063940756",
                "count": 0
            },
            {
                "id": "100085567876857",
                "count": 0
            },
            {
                "id": "100070316622913",
                "count": 0
            },
            {
                "id": "100073793182559",
                "count": 0
            },
            {
                "id": "100089592373709",
                "count": 0
            },
            {
                "id": "100090906971458",
                "count": 0
            },
            {
                "id": "100071896082963",
                "count": 0
            },
            {
                "id": "100060813660812",
                "count": 0
            },
            {
                "id": "100081881660412",
                "count": 0
            },
            {
                "id": "100084818367380",
                "count": 0
            },
            {
                "id": "100090482589417",
                "count": 0
            },
            {
                "id": "100058394002857",
                "count": 0
            },
            {
                "id": "100080763308672",
                "count": 0
            },
            {
                "id": "100071164543331",
                "count": 0
            },
            {
                "id": "100095626562096",
                "count": 0
            },
            {
                "id": "61550628473543",
                "count": 0
            },
            {
                "id": "100077047542259",
                "count": 0
            },
            {
                "id": "61553410544532",
                "count": 0
            },
            {
                "id": "100083149664433",
                "count": 0
            },
            {
                "id": "61553388394033",
                "count": 0
            },
            {
                "id": "61552724340869",
                "count": 0
            },
            {
                "id": "100076821686783",
                "count": 0
            },
            {
                "id": "100044267954040",
                "count": 0
            },
            {
                "id": "100091907333646",
                "count": 0
            },
            {
                "id": "61550236050642",
                "count": 0
            },
            {
                "id": "61554857334283",
                "count": 0
            },
            {
                "id": "61552176620762",
                "count": 0
            },
            {
                "id": "61550199483658",
                "count": 0
            },
            {
                "id": "100000194247253",
                "count": 0
            },
            {
                "id": "61555805270884",
                "count": 0
            },
            {
                "id": "100089240496791",
                "count": 0
            },
            {
                "id": "100089660114353",
                "count": 0
            },
            {
                "id": "100093323497427",
                "count": 0
            },
            {
                "id": "100001837873386",
                "count": 0
            },
            {
                "id": "100093636677644",
                "count": 0
            },
            {
                "id": "100009193419033",
                "count": 0
            },
            {
                "id": "61550105596488",
                "count": 0
            },
            {
                "id": "61554106901434",
                "count": 0
            },
            {
                "id": "61552571365237",
                "count": 0
            },
            {
                "id": "100058534576403",
                "count": 0
            },
            {
                "id": "61556014989394",
                "count": 0
            },
            {
                "id": "100048644040489",
                "count": 0
            },
            {
                "id": "100077745661408",
                "count": 0
            },
            {
                "id": "100047235194461",
                "count": 0
            },
            {
                "id": "100049391288477",
                "count": 0
            },
            {
                "id": "100078468368522",
                "count": 0
            },
            {
                "id": "100089123215900",
                "count": 0
            },
            {
                "id": "100081910772546",
                "count": 0
            },
            {
                "id": "100092511254091",
                "count": 0
            },
            {
                "id": "61556173452419",
                "count": 0
            },
            {
                "id": "100081243862720",
                "count": 0
            }
        ],
        "week": [
            {
                "id": "61553735620628",
                "count": 0
            },
            {
                "id": "100089318180507",
                "count": 0
            },
            {
                "id": "100092547991763",
                "count": 0
            },
            {
                "id": "100094336780796",
                "count": 0
            },
            {
                "id": "100076121932807",
                "count": 0
            },
            {
                "id": "61551382113888",
                "count": 0
            },
            {
                "id": "100090168070553",
                "count": 0
            },
            {
                "id": "100081465311081",
                "count": 0
            },
            {
                "id": "100049926450257",
                "count": 0
            },
            {
                "id": "61554657366350",
                "count": 0
            },
            {
                "id": "100058095340080",
                "count": 0
            },
            {
                "id": "100068618059409",
                "count": 0
            },
            {
                "id": "100059630210670",
                "count": 0
            },
            {
                "id": "61555705686008",
                "count": 0
            },
            {
                "id": "100018028793205",
                "count": 0
            },
            {
                "id": "100089622183406",
                "count": 0
            },
            {
                "id": "61554480147422",
                "count": 0
            },
            {
                "id": "100085944766959",
                "count": 0
            },
            {
                "id": "100075746021176",
                "count": 0
            },
            {
                "id": "61554535356720",
                "count": 0
            },
            {
                "id": "100094242012912",
                "count": 0
            },
            {
                "id": "100092127796327",
                "count": 0
            },
            {
                "id": "100093850773993",
                "count": 0
            },
            {
                "id": "100045044874159",
                "count": 0
            },
            {
                "id": "100085419141618",
                "count": 0
            },
            {
                "id": "100095445670399",
                "count": 0
            },
            {
                "id": "100030171997993",
                "count": 0
            },
            {
                "id": "100084225200116",
                "count": 0
            },
            {
                "id": "100066103215102",
                "count": 0
            },
            {
                "id": "100092009466021",
                "count": 0
            },
            {
                "id": "100052137129503",
                "count": 0
            },
            {
                "id": "100089342824164",
                "count": 0
            },
            {
                "id": "100087867584586",
                "count": 0
            },
            {
                "id": "61555117731210",
                "count": 0
            },
            {
                "id": "100082162204213",
                "count": 0
            },
            {
                "id": "100074385573637",
                "count": 0
            },
            {
                "id": "61551737793463",
                "count": 0
            },
            {
                "id": "100085210696447",
                "count": 0
            },
            {
                "id": "100046022352748",
                "count": 0
            },
            {
                "id": "100093063940756",
                "count": 0
            },
            {
                "id": "100085567876857",
                "count": 0
            },
            {
                "id": "100070316622913",
                "count": 0
            },
            {
                "id": "100073793182559",
                "count": 0
            },
            {
                "id": "100089592373709",
                "count": 0
            },
            {
                "id": "100090906971458",
                "count": 0
            },
            {
                "id": "100071896082963",
                "count": 0
            },
            {
                "id": "100060813660812",
                "count": 0
            },
            {
                "id": "100081881660412",
                "count": 0
            },
            {
                "id": "100084818367380",
                "count": 0
            },
            {
                "id": "100090482589417",
                "count": 0
            },
            {
                "id": "100058394002857",
                "count": 0
            },
            {
                "id": "100080763308672",
                "count": 0
            },
            {
                "id": "100071164543331",
                "count": 0
            },
            {
                "id": "100095626562096",
                "count": 0
            },
            {
                "id": "61550628473543",
                "count": 0
            },
            {
                "id": "100077047542259",
                "count": 0
            },
            {
                "id": "61553410544532",
                "count": 0
            },
            {
                "id": "100083149664433",
                "count": 0
            },
            {
                "id": "61553388394033",
                "count": 0
            },
            {
                "id": "61552724340869",
                "count": 0
            },
            {
                "id": "100076821686783",
                "count": 0
            },
            {
                "id": "100044267954040",
                "count": 0
            },
            {
                "id": "100091907333646",
                "count": 0
            },
            {
                "id": "61550236050642",
                "count": 0
            },
            {
                "id": "61554857334283",
                "count": 0
            },
            {
                "id": "61552176620762",
                "count": 0
            },
            {
                "id": "61550199483658",
                "count": 0
            },
            {
                "id": "100000194247253",
                "count": 0
            },
            {
                "id": "61555805270884",
                "count": 0
            },
            {
                "id": "100089240496791",
                "count": 0
            },
            {
                "id": "100089660114353",
                "count": 0
            },
            {
                "id": "100093323497427",
                "count": 0
            },
            {
                "id": "100001837873386",
                "count": 0
            },
            {
                "id": "100093636677644",
                "count": 0
            },
            {
                "id": "100009193419033",
                "count": 0
            },
            {
                "id": "61550105596488",
                "count": 0
            },
            {
                "id": "61554106901434",
                "count": 0
            },
            {
                "id": "61552571365237",
                "count": 0
            },
            {
                "id": "100058534576403",
                "count": 0
            },
            {
                "id": "61556014989394",
                "count": 0
            },
            {
                "id": "100048644040489",
                "count": 0
            },
            {
                "id": "100077745661408",
                "count": 0
            },
            {
                "id": "100047235194461",
                "count": 0
            },
            {
                "id": "100049391288477",
                "count": 0
            },
            {
                "id": "100078468368522",
                "count": 0
            },
            {
                "id": "100089123215900",
                "count": 0
            },
            {
                "id": "100081910772546",
                "count": 0
            },
            {
                "id": "100092511254091",
                "count": 0
            },
            {
                "id": "61556173452419",
                "count": 0
            },
            {
                "id": "100081243862720",
                "count": 0
            }
        ]
    }
}