{
    "total": [
        {
            "id": "100084250034617",
            "count": 0
        },
        {
            "id": "100046194132744",
            "count": 2
        },
        {
            "id": "100070819382775",
            "count": 1
        },
        {
            "id": "61563610840996",
            "count": 0
        },
        {
            "id": "100084327818658",
            "count": 0
        },
        {
            "id": "61557254322985",
            "count": 0
        },
        {
            "id": "100093284960552",
            "count": 5
        },
        {
            "id": "100092224740484",
            "count": 0
        }
    ],
    "week": [
        {
            "id": "100084250034617",
            "count": 0
        },
        {
            "id": "100046194132744",
            "count": 2
        },
        {
            "id": "100070819382775",
            "count": 1
        },
        {
            "id": "61563610840996",
            "count": 0
        },
        {
            "id": "100084327818658",
            "count": 0
        },
        {
            "id": "61557254322985",
            "count": 0
        },
        {
            "id": "100093284960552",
            "count": 5
        },
        {
            "id": "100092224740484",
            "count": 0
        }
    ],
    "day": [
        {
            "id": "100084250034617",
            "count": 0
        },
        {
            "id": "100046194132744",
            "count": 2
        },
        {
            "id": "100070819382775",
            "count": 1
        },
        {
            "id": "61563610840996",
            "count": 0
        },
        {
            "id": "100084327818658",
            "count": 0
        },
        {
            "id": "61557254322985",
            "count": 0
        },
        {
            "id": "100093284960552",
            "count": 5
        },
        {
            "id": "100092224740484",
            "count": 0
        }
    ],
    "time": 6,
    "last": {
        "time": 6,
        "day": [
            {
                "id": "100084250034617",
                "count": 0
            },
            {
                "id": "100046194132744",
                "count": 0
            },
            {
                "id": "100070819382775",
                "count": 0
            },
            {
                "id": "61563610840996",
                "count": 0
            },
            {
                "id": "100084327818658",
                "count": 0
            },
            {
                "id": "61557254322985",
                "count": 0
            },
            {
                "id": "100093284960552",
                "count": 0
            },
            {
                "id": "100092224740484",
                "count": 0
            }
        ],
        "week": [
            {
                "id": "100084250034617",
                "count": 0
            },
            {
                "id": "100046194132744",
                "count": 0
            },
            {
                "id": "100070819382775",
                "count": 0
            },
            {
                "id": "61563610840996",
                "count": 0
            },
            {
                "id": "100084327818658",
                "count": 0
            },
            {
                "id": "61557254322985",
                "count": 0
            },
            {
                "id": "100093284960552",
                "count": 0
            },
            {
                "id": "100092224740484",
                "count": 0
            }
        ]
    }
}