{
    "total": [
        {
            "id": "100066268522316",
            "count": 4
        },
        {
            "id": "100075546409675",
            "count": 6
        },
        {
            "id": "100079339675014",
            "count": 2
        },
        {
            "id": "100075677125031",
            "count": 0
        },
        {
            "id": "100092227730592",
            "count": 312
        },
        {
            "id": "100065179778471",
            "count": 1132
        },
        {
            "id": "657675223",
            "count": 282
        },
        {
            "id": "100075917296206",
            "count": 2
        },
        {
            "id": "100072169369807",
            "count": 278
        },
        {
            "id": "100076254861694",
            "count": 4
        },
        {
            "id": "100025273447488",
            "count": 7
        },
        {
            "id": "100048192951851",
            "count": 734
        },
        {
            "id": "100081900383936",
            "count": 0
        },
        {
            "id": "100032052907445",
            "count": 0
        },
        {
            "id": "100073257802153",
            "count": 2
        },
        {
            "id": "61550003562735",
            "count": 441
        },
        {
            "id": "100056097062643",
            "count": 17
        },
        {
            "id": "100067197609933",
            "count": 851
        },
        {
            "id": "61553284087922",
            "count": 0
        },
        {
            "id": "100001838241327",
            "count": 0
        },
        {
            "id": "61553460582063",
            "count": 0
        },
        {
            "id": "100001837873386",
            "count": 0
        },
        {
            "id": "100071451471791",
            "count": 0
        },
        {
            "id": "61551796948600",
            "count": 0
        },
        {
            "id": "100088139371625",
            "count": 20
        },
        {
            "id": "100023046795351",
            "count": 0
        },
        {
            "id": "100087247274614",
            "count": 10
        },
        {
            "id": "61555108747790",
            "count": 15
        },
        {
            "id": "100055791563512",
            "count": 0
        },
        {
            "id": "61555237994265",
            "count": 0
        },
        {
            "id": "100077982935898",
            "count": 2
        },
        {
            "id": "61554866595502",
            "count": 6
        },
        {
            "id": "61552555847986",
            "count": 188
        },
        {
            "id": "100000710492810",
            "count": 0
        },
        {
            "id": "100055480952176",
            "count": 1200
        },
        {
            "id": "100008373421436",
            "count": 0
        },
        {
            "id": "100076395486487",
            "count": 722
        },
        {
            "id": "100044155805401",
            "count": 584
        },
        {
            "id": "100054072412377",
            "count": 8
        },
        {
            "id": "61553603936799",
            "count": 0
        },
        {
            "id": "61551475912601",
            "count": 0
        },
        {
            "id": "61554105298272",
            "count": 150
        },
        {
            "id": "61554522400674",
            "count": 0
        },
        {
            "id": "100087573762890",
            "count": 3
        },
        {
            "id": "61556205354770",
            "count": 0
        },
        {
            "id": "100033266040189",
            "count": 21
        },
        {
            "id": "100047648760190",
            "count": 456
        },
        {
            "id": "100049272226517",
            "count": 61
        },
        {
            "id": "100064391824281",
            "count": 167
        },
        {
            "id": "61551351050715",
            "count": 154
        },
        {
            "id": "61554288511004",
            "count": 81
        },
        {
            "id": "100092417695041",
            "count": 123
        },
        {
            "id": "100073654211703",
            "count": 286
        },
        {
            "id": "61554696962318",
            "count": 138
        },
        {
            "id": "100094326087158",
            "count": 66
        },
        {
            "id": "100065791144035",
            "count": 4
        },
        {
            "id": "100043938675899",
            "count": 40
        },
        {
            "id": "100093074829190",
            "count": 13
        },
        {
            "id": "100048271727122",
            "count": 1
        }
    ],
    "week": [
        {
            "id": "100066268522316",
            "count": 0,
            "name": "Nguyễn Kiều Nhi"
        },
        {
            "id": "100075546409675",
            "count": 0,
            "name": "Trương Trọng Bắc"
        },
        {
            "id": "100079339675014",
            "count": 0,
            "name": "Nguyễn Doanh"
        },
        {
            "id": "100075677125031",
            "count": 0,
            "name": "QQuang Phùng"
        },
        {
            "id": "100092227730592",
            "count": 4,
            "name": "My Trà"
        },
        {
            "id": "100065179778471",
            "count": 100,
            "name": "Nguyễn Tín"
        },
        {
            "id": "657675223",
            "count": 0,
            "name": "Nguyễn Huy Việt 🐧✅"
        },
        {
            "id": "100075917296206",
            "count": 0,
            "name": "Hoang Hien"
        },
        {
            "id": "100072169369807",
            "count": 3,
            "name": "Tuấn Kha"
        },
        {
            "id": "100076254861694",
            "count": 0,
            "name": "Nguyen Duc Anh"
        },
        {
            "id": "100025273447488",
            "count": 0,
            "name": "HT Cẩm Tú"
        },
        {
            "id": "100048192951851",
            "count": 11,
            "name": "Quỳnh Trang"
        },
        {
            "id": "100081900383936",
            "count": 0,
            "name": "Phong Văn"
        },
        {
            "id": "100032052907445",
            "count": 0,
            "name": "Phạm Hùng Cường"
        },
        {
            "id": "100073257802153",
            "count": 0,
            "name": "Lê Ngọc Sơn"
        },
        {
            "id": "61550003562735",
            "count": 74,
            "name": "Phuoc Truong"
        },
        {
            "id": "100056097062643",
            "count": 0,
            "name": "Tr Mie"
        },
        {
            "id": "100067197609933",
            "count": 107,
            "name": "Trai Đp Namki"
        },
        {
            "id": "61553284087922",
            "count": 0,
            "name": "Người dùng Facebook"
        },
        {
            "id": "100001838241327",
            "count": 0,
            "name": "Phương Anh Thị Trần"
        },
        {
            "id": "61553460582063",
            "count": 0,
            "name": "Thuỳ Linh"
        },
        {
            "id": "100001837873386",
            "count": 0,
            "name": "Trần Thị Kim Anh"
        },
        {
            "id": "100071451471791",
            "count": 0,
            "name": "Ph Ng Gia Han"
        },
        {
            "id": "61551796948600",
            "count": 0,
            "name": "Chip Cte"
        },
        {
            "id": "100088139371625",
            "count": 3,
            "name": "Đồng Annh Nhật"
        },
        {
            "id": "100023046795351",
            "count": 0,
            "name": "Khánh Nek"
        },
        {
            "id": "100087247274614",
            "count": 0,
            "name": "Hường Hoàng"
        },
        {
            "id": "61555108747790",
            "count": 0,
            "name": "Kim Anh"
        },
        {
            "id": "100055791563512",
            "count": 0,
            "name": "Ng Ngoc Huyen"
        },
        {
            "id": "61555237994265",
            "count": 0,
            "name": "Ngọc Hân"
        },
        {
            "id": "100077982935898",
            "count": 0,
            "name": "Elpherus Amor"
        },
        {
            "id": "61554866595502",
            "count": 0,
            "name": "NgThii ThanhTamm"
        },
        {
            "id": "61552555847986",
            "count": 0,
            "name": "Nguyễn Thành"
        },
        {
            "id": "100000710492810",
            "count": 0,
            "name": "Người dùng Facebook"
        },
        {
            "id": "100055480952176",
            "count": 140,
            "name": "Cá Nọc Xamlul"
        },
        {
            "id": "100008373421436",
            "count": 0,
            "name": "𝑷𝒉𝒂𝒎 𝑴𝒊𝒏𝒉 𝑫𝒐𝒏𝒈 𓅗"
        },
        {
            "id": "100076395486487",
            "count": 21,
            "name": "Minh Tiến"
        },
        {
            "id": "100044155805401",
            "count": 88,
            "name": "Hà Tô"
        },
        {
            "id": "100054072412377",
            "count": 6,
            "name": "Quốc Thái"
        },
        {
            "id": "61553603936799",
            "count": 0,
            "name": "Nguyễn Hoàng Kiều Thư"
        },
        {
            "id": "61551475912601",
            "count": 0,
            "name": "Pham Ha Vy"
        },
        {
            "id": "61554105298272",
            "count": 58,
            "name": "Ha Ru Ka"
        },
        {
            "id": "61554522400674",
            "count": 0,
            "name": "Người dùng Facebook"
        },
        {
            "id": "100087573762890",
            "count": 0,
            "name": "Xuân Mai"
        },
        {
            "id": "61556205354770",
            "count": 0,
            "name": "Hân Mai"
        },
        {
            "id": "100033266040189",
            "count": 0,
            "name": "DoTran KhanhLinh"
        },
        {
            "id": "100047648760190",
            "count": 101,
            "name": "Lê Trọng Phúc"
        },
        {
            "id": "100049272226517",
            "count": 0,
            "name": "Nguyễn Thiên Phúc"
        },
        {
            "id": "100064391824281",
            "count": 0,
            "name": "Ng Sơnn"
        },
        {
            "id": "61551351050715",
            "count": 0,
            "name": "PT Thu Hiền"
        },
        {
            "id": "61554288511004",
            "count": 0,
            "name": "Diệp Hi Vân"
        },
        {
            "id": "100092417695041",
            "count": 0,
            "name": "Công AnReal"
        },
        {
            "id": "100073654211703",
            "count": 71,
            "name": "Bảo Nghi"
        },
        {
            "id": "61554696962318",
            "count": 21,
            "name": "Laa Tườngg"
        },
        {
            "id": "100094326087158",
            "count": 21,
            "name": "Huyy Hoàngg"
        },
        {
            "id": "100065791144035",
            "count": 4,
            "name": "Ng XTài"
        },
        {
            "id": "100043938675899",
            "count": 0,
            "name": "Hưng Phùng"
        },
        {
            "id": "100093074829190",
            "count": 13,
            "name": "Goodboy"
        },
        {
            "id": "100048271727122",
            "count": 1,
            "name": "Người dùng facebook"
        }
    ],
    "day": [
        {
            "id": "100066268522316",
            "count": 0,
            "name": "Người dùng facebook"
        },
        {
            "id": "100075546409675",
            "count": 0,
            "name": "Người dùng facebook"
        },
        {
            "id": "100079339675014",
            "count": 0,
            "name": "Người dùng facebook"
        },
        {
            "id": "100075677125031",
            "count": 0,
            "name": "Người dùng facebook"
        },
        {
            "id": "100092227730592",
            "count": 0,
            "name": "Người dùng facebook"
        },
        {
            "id": "100065179778471",
            "count": 0,
            "name": "Người dùng facebook"
        },
        {
            "id": "657675223",
            "count": 0,
            "name": "Người dùng facebook"
        },
        {
            "id": "100075917296206",
            "count": 0,
            "name": "Người dùng facebook"
        },
        {
            "id": "100072169369807",
            "count": 0,
            "name": "Người dùng facebook"
        },
        {
            "id": "100076254861694",
            "count": 0,
            "name": "Người dùng facebook"
        },
        {
            "id": "100025273447488",
            "count": 0,
            "name": "Người dùng facebook"
        },
        {
            "id": "100048192951851",
            "count": 0,
            "name": "Người dùng facebook"
        },
        {
            "id": "100081900383936",
            "count": 0,
            "name": "Người dùng facebook"
        },
        {
            "id": "100032052907445",
            "count": 0,
            "name": "Người dùng facebook"
        },
        {
            "id": "100073257802153",
            "count": 0,
            "name": "Người dùng facebook"
        },
        {
            "id": "61550003562735",
            "count": 0,
            "name": "Người dùng facebook"
        },
        {
            "id": "100056097062643",
            "count": 0,
            "name": "Người dùng facebook"
        },
        {
            "id": "100067197609933",
            "count": 0,
            "name": "Người dùng facebook"
        },
        {
            "id": "61553284087922",
            "count": 0,
            "name": "Người dùng facebook"
        },
        {
            "id": "100001838241327",
            "count": 0,
            "name": "Phương Anh Thị Trần"
        },
        {
            "id": "61553460582063",
            "count": 0,
            "name": "Người dùng facebook"
        },
        {
            "id": "100001837873386",
            "count": 0,
            "name": "Trần Thị Kim Anh"
        },
        {
            "id": "100071451471791",
            "count": 0,
            "name": "Người dùng facebook"
        },
        {
            "id": "61551796948600",
            "count": 0,
            "name": "Người dùng facebook"
        },
        {
            "id": "100088139371625",
            "count": 0,
            "name": "Người dùng facebook"
        },
        {
            "id": "100023046795351",
            "count": 0,
            "name": "Người dùng facebook"
        },
        {
            "id": "100087247274614",
            "count": 0,
            "name": "Người dùng facebook"
        },
        {
            "id": "61555108747790",
            "count": 0,
            "name": "Người dùng facebook"
        },
        {
            "id": "100055791563512",
            "count": 0,
            "name": "Người dùng facebook"
        },
        {
            "id": "61555237994265",
            "count": 0,
            "name": "Người dùng facebook"
        },
        {
            "id": "100077982935898",
            "count": 0,
            "name": "Người dùng facebook"
        },
        {
            "id": "61554866595502",
            "count": 0,
            "name": "Người dùng facebook"
        },
        {
            "id": "61552555847986",
            "count": 0,
            "name": "Người dùng facebook"
        },
        {
            "id": "100000710492810",
            "count": 0,
            "name": "Người dùng facebook"
        },
        {
            "id": "100055480952176",
            "count": 0,
            "name": "Người dùng facebook"
        },
        {
            "id": "100008373421436",
            "count": 0,
            "name": "Người dùng Facebook"
        },
        {
            "id": "100076395486487",
            "count": 0,
            "name": "Người dùng facebook"
        },
        {
            "id": "100044155805401",
            "count": 0,
            "name": "Người dùng facebook"
        },
        {
            "id": "100054072412377",
            "count": 0,
            "name": "Người dùng facebook"
        },
        {
            "id": "61553603936799",
            "count": 0,
            "name": "Người dùng facebook"
        },
        {
            "id": "61551475912601",
            "count": 0,
            "name": "Người dùng facebook"
        },
        {
            "id": "61554105298272",
            "count": 0,
            "name": "Người dùng facebook"
        },
        {
            "id": "61554522400674",
            "count": 0,
            "name": "Người dùng facebook"
        },
        {
            "id": "100087573762890",
            "count": 0,
            "name": "Người dùng facebook"
        },
        {
            "id": "61556205354770",
            "count": 0,
            "name": "Người dùng facebook"
        },
        {
            "id": "100033266040189",
            "count": 0,
            "name": "Người dùng facebook"
        },
        {
            "id": "100047648760190",
            "count": 0,
            "name": "Người dùng facebook"
        },
        {
            "id": "100049272226517",
            "count": 0,
            "name": "Người dùng facebook"
        },
        {
            "id": "100064391824281",
            "count": 0,
            "name": "Người dùng facebook"
        },
        {
            "id": "61551351050715",
            "count": 0,
            "name": "Người dùng facebook"
        },
        {
            "id": "61554288511004",
            "count": 0,
            "name": "Người dùng facebook"
        },
        {
            "id": "100092417695041",
            "count": 0,
            "name": "Người dùng facebook"
        },
        {
            "id": "100073654211703",
            "count": 0,
            "name": "Người dùng facebook"
        },
        {
            "id": "61554696962318",
            "count": 0,
            "name": "Người dùng facebook"
        },
        {
            "id": "100094326087158",
            "count": 0,
            "name": "Người dùng facebook"
        },
        {
            "id": "100065791144035",
            "count": 0,
            "name": "Người dùng facebook"
        },
        {
            "id": "100043938675899",
            "count": 0,
            "name": "Người dùng facebook"
        },
        {
            "id": "100093074829190",
            "count": 0,
            "name": "Người dùng facebook"
        },
        {
            "id": "100048271727122",
            "count": 0,
            "name": "Người dùng facebook"
        }
    ],
    "time": 6,
    "last": {
        "time": 4,
        "day": [
            {
                "id": "100066268522316",
                "count": 0
            },
            {
                "id": "100075546409675",
                "count": 0
            },
            {
                "id": "100079339675014",
                "count": 0
            },
            {
                "id": "100075677125031",
                "count": 0
            },
            {
                "id": "100092227730592",
                "count": 0
            },
            {
                "id": "100065179778471",
                "count": 0
            },
            {
                "id": "657675223",
                "count": 0
            },
            {
                "id": "100075917296206",
                "count": 0
            },
            {
                "id": "100072169369807",
                "count": 0
            },
            {
                "id": "100076254861694",
                "count": 0
            },
            {
                "id": "100025273447488",
                "count": 0
            },
            {
                "id": "100048192951851",
                "count": 0
            },
            {
                "id": "100081900383936",
                "count": 0
            },
            {
                "id": "100032052907445",
                "count": 0
            },
            {
                "id": "100073257802153",
                "count": 0
            },
            {
                "id": "61550003562735",
                "count": 0
            },
            {
                "id": "100056097062643",
                "count": 0
            },
            {
                "id": "100067197609933",
                "count": 0
            },
            {
                "id": "100047648760190",
                "count": 0
            },
            {
                "id": "61553284087922",
                "count": 0
            },
            {
                "id": "100001838241327",
                "count": 0
            },
            {
                "id": "61553460582063",
                "count": 0
            },
            {
                "id": "100001837873386",
                "count": 0
            },
            {
                "id": "100071451471791",
                "count": 0
            },
            {
                "id": "61551796948600",
                "count": 0
            },
            {
                "id": "100088139371625",
                "count": 0
            },
            {
                "id": "100023046795351",
                "count": 0
            },
            {
                "id": "100087247274614",
                "count": 0
            },
            {
                "id": "61555108747790",
                "count": 0
            },
            {
                "id": "100055791563512",
                "count": 0
            },
            {
                "id": "61555237994265",
                "count": 0
            },
            {
                "id": "100077982935898",
                "count": 0
            },
            {
                "id": "61554866595502",
                "count": 0
            },
            {
                "id": "100054130774064",
                "count": 0
            },
            {
                "id": "61552555847986",
                "count": 0
            },
            {
                "id": "100000710492810",
                "count": 0
            },
            {
                "id": "100055480952176",
                "count": 0
            },
            {
                "id": "100008373421436",
                "count": 0
            },
            {
                "id": "100076395486487",
                "count": 0
            },
            {
                "id": "100044155805401",
                "count": 0
            },
            {
                "id": "100054072412377",
                "count": 0
            },
            {
                "id": "61553603936799",
                "count": 0
            },
            {
                "id": "100085036102068",
                "count": 0
            },
            {
                "id": "61551475912601",
                "count": 0
            },
            {
                "id": "61554105298272",
                "count": 0
            },
            {
                "id": "61554522400674",
                "count": 0
            },
            {
                "id": "100087573762890",
                "count": 0
            },
            {
                "id": "61556205354770",
                "count": 0
            },
            {
                "id": "61554288511004",
                "count": 0
            },
            {
                "id": "100033266040189",
                "count": 0
            },
            {
                "id": "100049272226517",
                "count": 0
            },
            {
                "id": "100064391824281",
                "count": 0
            },
            {
                "id": "61551351050715",
                "count": 0
            },
            {
                "id": "100092417695041",
                "count": 0
            },
            {
                "id": "100073654211703",
                "count": 0
            },
            {
                "id": "61554696962318",
                "count": 0
            },
            {
                "id": "100094326087158",
                "count": 0
            },
            {
                "id": "100065791144035",
                "count": 0
            },
            {
                "id": "100043938675899",
                "count": 0
            },
            {
                "id": "100093074829190",
                "count": 0
            },
            {
                "id": "100048271727122",
                "count": 0
            }
        ],
        "week": [
            {
                "id": "100066268522316",
                "count": 0
            },
            {
                "id": "100075546409675",
                "count": 0
            },
            {
                "id": "100079339675014",
                "count": 0
            },
            {
                "id": "100075677125031",
                "count": 0
            },
            {
                "id": "100092227730592",
                "count": 0
            },
            {
                "id": "100065179778471",
                "count": 0
            },
            {
                "id": "657675223",
                "count": 0
            },
            {
                "id": "100075917296206",
                "count": 0
            },
            {
                "id": "100072169369807",
                "count": 0
            },
            {
                "id": "100076254861694",
                "count": 0
            },
            {
                "id": "100025273447488",
                "count": 0
            },
            {
                "id": "100048192951851",
                "count": 0
            },
            {
                "id": "100081900383936",
                "count": 0
            },
            {
                "id": "100032052907445",
                "count": 0
            },
            {
                "id": "100073257802153",
                "count": 0
            },
            {
                "id": "61550003562735",
                "count": 0
            },
            {
                "id": "100056097062643",
                "count": 0
            },
            {
                "id": "100067197609933",
                "count": 0
            },
            {
                "id": "100047648760190",
                "count": 0
            },
            {
                "id": "61553284087922",
                "count": 0
            },
            {
                "id": "100001838241327",
                "count": 0
            },
            {
                "id": "61553460582063",
                "count": 0
            },
            {
                "id": "100001837873386",
                "count": 0
            },
            {
                "id": "100071451471791",
                "count": 0
            },
            {
                "id": "61551796948600",
                "count": 0
            },
            {
                "id": "100088139371625",
                "count": 0
            },
            {
                "id": "100023046795351",
                "count": 0
            },
            {
                "id": "100087247274614",
                "count": 0
            },
            {
                "id": "61555108747790",
                "count": 0
            },
            {
                "id": "100055791563512",
                "count": 0
            },
            {
                "id": "61555237994265",
                "count": 0
            },
            {
                "id": "100077982935898",
                "count": 0
            },
            {
                "id": "61554866595502",
                "count": 0
            },
            {
                "id": "100054130774064",
                "count": 0
            },
            {
                "id": "61552555847986",
                "count": 0
            },
            {
                "id": "100000710492810",
                "count": 0
            },
            {
                "id": "100055480952176",
                "count": 0
            },
            {
                "id": "100008373421436",
                "count": 0
            },
            {
                "id": "100076395486487",
                "count": 0
            },
            {
                "id": "100044155805401",
                "count": 0
            },
            {
                "id": "100054072412377",
                "count": 0
            },
            {
                "id": "61553603936799",
                "count": 0
            },
            {
                "id": "100085036102068",
                "count": 0
            },
            {
                "id": "61551475912601",
                "count": 0
            },
            {
                "id": "61554105298272",
                "count": 0
            },
            {
                "id": "61554522400674",
                "count": 0
            },
            {
                "id": "100087573762890",
                "count": 0
            },
            {
                "id": "61556205354770",
                "count": 0
            },
            {
                "id": "61554288511004",
                "count": 0
            },
            {
                "id": "100033266040189",
                "count": 0
            },
            {
                "id": "100049272226517",
                "count": 0
            },
            {
                "id": "100064391824281",
                "count": 0
            },
            {
                "id": "61551351050715",
                "count": 0
            },
            {
                "id": "100092417695041",
                "count": 0
            },
            {
                "id": "100073654211703",
                "count": 0
            },
            {
                "id": "61554696962318",
                "count": 0
            },
            {
                "id": "100094326087158",
                "count": 0
            },
            {
                "id": "100065791144035",
                "count": 0
            },
            {
                "id": "100043938675899",
                "count": 0
            },
            {
                "id": "100093074829190",
                "count": 0
            },
            {
                "id": "100048271727122",
                "count": 0
            }
        ]
    }
}